body_temperature,heart_rate,rumination_time,milk_yield,milk_conductivity,mastitis_status
38.80327881105072,71.15297666899883,444.7084333563632,20.37295688312201,4.7204236640784965,0
38.21007095606029,68.924171624876,496.2267921733272,17.01312356953676,4.415628037374937,0
38.26488107887503,62.42896060565502,511.79374057990117,22.012887063449167,4.420986031544679,0
38.43586647488856,72.47339033365687,501.0704905907922,20.866423798093518,4.959042271182464,0
38.713675866738804,62.832741595072086,533.1404833643523,27.341219484298307,4.720824177917703,0
39.00477716653544,75.20727137390435,366.674670935217,10.207020464628448,6.87250046504082,1
38.6749034148265,65.1469608451534,472.0602397401408,16.390978141639692,4.470046954630346,0
39.61334348420961,74.25149893467795,433.7454155439609,7.013135420049009,6.211804179507499,1
38.52015821452896,72.16789680532283,545.8338637451457,23.386587507056223,4.608257491117487,0
40.02057203970659,81.41525500555234,428.850143597557,5.9190314027222595,6.279364806878667,1
38.159225682634656,65.62984697010143,483.73590274190616,25.028199214531917,4.415106802374089,0
38.15155566147295,68.02447537913733,530.6001876120733,16.737828630140598,4.4907916402366554,0
39.423220215801635,75.32660807342862,440.3459555381471,9.852708521515613,6.643340573031283,1
38.597461047409,72.87125909843787,474.48951380819085,17.402424763483776,4.814385973042359,0
38.80308896167045,69.4235247907876,477.5337665101532,18.982161772414866,4.676346833792501,0
38.668396739090426,69.09824157299256,448.0426975693732,11.070836669596268,4.5261585599105105,0
38.10899024593634,61.364065339826304,558.8293613439123,20.81564518711382,4.526212112193707,0
38.60725818190344,71.71635807450123,536.3573742883482,19.64178067817641,4.16077443578001,0
38.774731709032594,81.87152322019261,540.5587177457558,23.123406382982918,4.572510297074461,0
38.67160283906043,72.2432051882397,524.5244014395037,13.845213147711558,4.434360745406953,0
38.318063316603634,70.29766290278731,486.0623838872722,18.06285170855381,4.41269872504208,0
38.81888847834984,72.2569317817705,475.83296784387113,17.6112614853239,4.7357893975524465,0
39.23673846225107,74.80521328252345,360.3432183244212,13.63187406082034,8.097237187837893,1
39.45176215904204,81.56067632923856,397.55209094460804,9.846202368702444,7.076189074448605,1
38.30746979761621,73.62837753472648,492.2032827065821,23.60102523269915,4.738553806369771,0
38.561480713943936,77.66472961650436,468.90712340857414,21.01171552965381,4.435077549913047,0
38.376727718392104,76.70368451715945,511.93401709127255,19.155941427042617,4.524960723935212,0
38.196206043837336,60.13227463421725,423.3531029513627,22.1044091170291,4.7009163628954775,0
38.55603223176392,67.60522177168588,492.0891338043204,21.47216591339521,4.438079296015671,0
38.41837983216796,74.49774535728365,484.58588496523504,22.181216937201807,4.400836921041954,0
38.7057537982847,72.11473679769367,499.49763890488947,20.92342381102177,4.700337009033757,0
39.335832272502095,75.51720849790068,458.11354175898515,9.07344112230457,6.721064631877069,1
38.62891908648304,67.6094682851455,442.5128382091711,13.977997733364898,4.523509520466142,0
38.149634238649654,66.61733188910789,473.09078882802174,20.64154710921547,4.522015258688111,0
38.6693541550433,67.73790930564265,519.1811099678267,19.838593259549405,4.1745545159297,0
38.49733907292427,74.89495219223059,508.1543334609984,15.280646765552948,4.480035595336029,0
38.280275914964434,69.57155816146074,526.4465465508944,19.793671342827064,4.884100857454213,0
38.46342071177903,64.91221365433071,458.06612417868143,18.130971062056986,4.874975283829636,0
38.63627246531506,72.28672363844107,513.9973772557877,22.50470272361709,4.369261543732028,0
38.377722950522276,75.72278625735794,495.10725623605697,19.40016506866225,4.581411158677282,0
38.39764728841154,70.11312830248873,517.6591371449346,26.524797965980632,4.179050098856196,0
38.63939088090215,73.33298020040574,485.0446506681229,23.811145748162335,4.5332361020487975,0
38.276090774323364,75.58401490036923,513.8784963897415,20.706000132836746,4.521294028806054,0
38.36501319624189,63.92773774083598,467.81692060599363,26.366720682404157,4.519384802186994,0
37.917148802036614,53.23315762755844,370.0444007004752,16.33752080081316,4.704644637147406,0
38.56323119143656,75.04658161141435,508.2138786318844,15.353136094288974,4.6938535179617045,0
38.620649500114276,77.3139059514371,499.6176843464548,22.142259919594327,4.659631693198104,0
38.22229148923376,68.73510695469487,462.4903971118506,16.347007065368757,4.279945779099258,0
38.685649138268865,73.09225493334891,457.53432332333983,16.54619462133813,4.500693652903606,0
38.32765938594875,73.88000896060761,424.3300507481771,13.427118744414297,4.606006295832816,0
38.400613594976406,68.99486309977384,455.837948275503,17.056837794223856,4.563486205124091,0
38.42002018757377,70.45516768418543,458.31032871376556,20.007838806910748,4.653858950516146,0
38.91863958644199,79.18772605762636,466.41947436187445,23.76823084722789,4.297623316087357,0
38.94352310983388,72.2814034457049,400.6382345325629,8.020800395235597,5.939273839468278,1
38.849916780841085,76.93758107819984,457.2108306271129,16.112879127007684,4.876290815738097,0
38.57012601985471,77.21920721057504,499.96843636610686,22.129961177337975,4.697837426029532,0
38.66406880252249,68.21397255685451,479.3766246158021,21.56796497837285,4.593277487059257,0
39.567496662237005,82.71319984329071,459.24789669567616,8.636305675709304,6.363319649544274,1
39.51851369920148,77.49045077005684,406.3755698544335,8.54494720988141,6.802568907924375,1
38.36011709197534,69.776988202162,429.4258370704234,20.46919887696053,4.63233970534095,0
38.67191757739596,71.52767114242214,412.9229883006204,20.006220745575714,4.5225738700420965,0
38.514574819603105,77.26684353946723,483.13890266901967,19.678879515338622,4.614639398200339,0
38.474490175924494,69.72338772031962,426.3261777117438,15.616667197775403,4.902230986049469,0
38.89196745094893,73.35643660663688,388.47343710255046,20.406480588114743,4.690122609886277,0
38.565348952920466,63.68979291667912,526.461150979535,22.09088471845926,4.6600948719221655,0
38.736698733377985,81.03302159729742,524.6711659614646,25.35399032982781,4.364391826524724,0
38.39736072709732,76.25723706694284,499.7897374733675,19.42819702279241,4.456416221850479,0
38.2777084086126,75.06256150002838,548.496094013711,21.703735559627138,4.6493009556864004,0
38.740106331694776,65.21773188331619,478.58365082335376,14.005768329353943,4.628071973969609,0
38.73753587769231,73.60001425081532,479.89612213292565,20.776147767748625,4.5070765405403215,0
38.316761616903754,64.23953300056553,520.104838086118,19.938252226999577,4.43363555835391,0
39.17107181231546,81.35843988741145,375.69496819972113,12.1738065937948,7.286863408330198,1
38.363074034848,74.26017630857983,433.01874363462935,13.996294191484777,4.758125119832553,0
38.81474684331102,67.00870174742941,536.7129626002926,15.476205668430788,4.6913376021460795,0
38.50764759899201,69.7599530896856,601.9718635436338,19.212267175968094,4.310281717073291,0
38.70032636504171,74.1786558571441,492.4314042427676,22.36673587558129,4.878690905504886,0
38.310850787860645,73.14297378594601,442.65359590113627,16.035224017423694,4.721649238336993,0
37.959353541400155,54.6910309500625,502.70297674428286,18.10564257931322,4.7355750639061815,0
39.59587018724713,82.41937503272354,351.7068426521812,5.184225695844113,7.828798126997987,1
38.644312501025226,63.12286520986231,516.3328095381778,24.685881246190135,4.553826725231046,0
39.14459168992679,72.09789336026904,408.71170600928286,10.186532446288355,6.876169555970023,1
38.458828113823934,60.378915117408994,472.57989854009753,19.596034904692562,4.450684330691952,0
38.71303439314288,66.68275092236533,471.2166804253833,17.286771759434675,4.8905233490972355,0
39.08069248202997,75.96878841832294,447.05169132729804,7.305836889715748,7.133333564712123,1
38.411630214551835,62.64436696686146,525.2654240944389,25.470673287820805,4.622177276565683,0
38.752303850507104,78.59485024892122,508.683175926647,17.85929548273878,4.466562183044498,0
38.372482491584805,67.66666242226468,516.1329371688704,19.200796782606744,4.643336623792857,0
38.711987276809324,63.50016394727139,531.1587177684191,22.28249047928321,4.723401189915339,0
38.587347710346705,64.27245960487934,511.3785809332861,24.006796367413184,4.680858950992339,0
38.60377423608802,73.31883123343692,547.7029291851509,20.153074505018093,4.699161004205513,0
38.26109541204679,71.4090971948209,483.6423679553205,17.50899332698104,4.657160657358946,0
39.51884764607008,82.44306906120809,455.2588084426412,11.419388742693389,6.327674873876462,1
38.663755528750976,65.80502730392222,516.9409352448523,16.64282975241561,4.90758638368251,0
38.3363142668116,60.29467708568114,490.97939764691006,21.708863939395076,4.906473544935623,0
38.37852911335756,71.5374674421883,416.5000771546252,21.47773219458297,4.584555790955391,0
38.3361484280557,70.26455539845716,498.0771425695144,22.878332812153428,4.504755825291068,0
38.79685273763644,71.52194267944826,413.30816918081774,10.44827150582879,7.092552101029996,1
38.46687371793647,72.48399843222397,447.2611118032937,13.500965060822985,4.6157154059438295,0
39.056659694128264,76.59511410862767,404.9557125797993,10.11316085903396,7.037012122927105,1
38.639172767818756,69.06978990109089,498.79162538812824,19.296987658826485,4.834688455326488,0
39.52333456928468,80.13342818039253,311.85242418563803,8.460829230715513,7.542658974624782,1
38.4845113078548,80.71927032466573,428.06070858028727,24.67859600487669,4.3609412472801505,0
38.40040763063643,67.12014207441786,521.4198275740447,17.645218337387725,4.497493177870689,0
38.54265874147459,74.29674394239115,524.4943671775268,17.59662838940983,4.600241095072445,0
38.55317564593041,83.02373590244237,480.1760101224443,19.94151738866517,4.512656052791881,0
38.3046690586348,62.543588263550326,421.57484663625775,10.194484512298729,6.5367006350664605,1
38.54824804968135,75.927036093735,444.3835311070379,22.639787642865926,4.616901029138572,0
38.495751044144754,68.00596886810376,489.9353212767769,20.926835325267955,4.6587075059937275,0
38.61592663464271,68.80841532027756,498.2587795223925,20.754991463776456,4.665159263316433,0
38.99902590505879,79.84408199133817,451.1601162063778,8.42443098272766,6.213285923753729,1
38.489021199876746,73.78346311471431,507.22530011613435,21.775243811983206,4.6571108149715315,0
38.37088558559292,56.586665769866656,485.9335642192688,21.71944291529846,4.267783316886565,0
38.49816352932297,72.83883885015528,420.74847447673335,20.828115187256802,4.496448510555556,0
38.136404154922566,69.60889307152524,447.1266955080202,19.853068054221538,4.751942459096833,0
39.26969428538581,66.8350016869901,433.32885767962415,7.36701705898025,7.068192246896485,1
39.22965823822717,77.22147134012944,336.33282707290454,9.392562021367327,7.464588066291207,1
39.46149203613464,79.63809197940677,363.1771468430807,7.678715273877732,6.790321757443634,1
38.70708868328339,71.10647332139635,457.34165460315853,24.596061922197784,4.432787569579995,0
38.59828589054404,70.19321591691649,500.45069307961137,20.758418231019444,4.713952071439729,0
38.10414003792484,68.26860148806564,564.7279349971762,16.798337724509402,4.7495820512235065,0
40.12729041660233,84.09780955009712,463.08249810711936,11.582980702490032,6.240877808630281,1
38.76809221035807,77.01311700981411,450.16653710838847,22.738890355314428,4.34008375261448,0
38.468820364412665,72.76125933230658,535.5339637115327,20.64768207261419,4.49034254070188,0
38.487919254160616,65.42181432286392,518.7121878039343,20.41690351036659,4.82555605012678,0
38.6461528238133,68.72700471294574,514.352826803413,17.169306547564727,4.6028546135672865,0
38.65697605425241,65.61638982736609,453.85714057719696,7.928139117922572,6.494910088573514,1
38.25309760031552,75.75323515163842,494.80412395743645,18.773292745077377,4.393606743230563,0
39.31744097854898,77.70717255981529,356.57046200604753,8.199683239551254,7.478020416172301,1
38.29360895158111,67.55585547878268,485.72272233189676,18.30604998747362,4.719098179527851,0
38.58753663421374,67.33094659572618,419.1029595911771,9.774035379028167,5.907812792350216,1
38.51356770278339,67.03429617820696,503.37404891887286,24.65054767104723,4.196014533568772,0
38.51859584930588,78.25388077864109,464.1323071680254,17.778745361728006,4.506300777327937,0
38.24515357618464,63.55582867765091,473.99943594913196,21.671114627603025,4.809696530210118,0
38.851387941029984,71.98003006059652,383.11346310473147,9.389914603084117,7.083741005782127,1
38.79797268772042,71.76425294086906,432.4787754031689,17.56100524194334,4.2798192043046965,0
38.77488761863416,78.5354418034696,510.87927606301724,29.945759308356273,4.17286515720426,0
38.595033549299075,64.20728659808405,520.4068799394272,18.30799565574511,4.599519231816229,0
38.44003236074502,82.83294028664898,467.30923545698687,25.225138170077788,4.980827317914601,0
38.29446497181481,74.17246297767892,495.2278195888145,17.443354791381104,4.85314156817294,0
38.44422332116985,61.12264748853735,478.987716178611,19.995335684304575,4.769031594236864,0
37.99355078295606,64.61355688297891,564.1000013983439,20.542014367050772,4.736413898012526,0
39.981642206502194,87.56183331436607,377.88323516779184,9.238913524752112,7.2987566862138875,1
39.130496127190916,73.06342786731871,445.6609607902438,6.025384126063226,6.618634356646458,1
38.575830623745226,56.26481878514518,461.8996149694657,18.28394388237714,4.846044435130157,0
38.37486454250076,64.1986849536202,493.69374737757715,19.51420418238306,4.336150561080246,0
39.0458360479085,70.81897965045664,336.7151757059253,10.384506623674998,6.783482925197086,1
39.000180099586856,66.60685336171085,532.487955250037,19.043621651084905,4.38887210204028,0
38.46617546287143,73.90734087545341,497.59497775082326,22.517477396976716,4.615914706988433,0
38.278859066302815,72.90883572403855,540.9167970568055,19.18617013605269,4.557015793942252,0
38.56199979663311,58.78938718883313,493.1396368825057,23.954302118994452,4.58868230222002,0
38.19456642868207,61.648602720373006,462.68468769262836,20.542294872706872,4.3889821263646605,0
38.24600028052122,70.27321467620516,442.54097821418475,22.246191859082792,4.733768026109243,0
38.566170260923116,64.06510562547638,531.9028479338622,22.894032499407373,4.890200287626267,0
38.579084197077606,67.88084176001433,527.9710818948087,18.307806493498923,4.408486208996957,0
38.8802381371506,63.95961874152783,415.29903864646457,17.935991683800026,4.587867837237075,0
38.3536736522183,73.44242727355976,449.4378549061192,20.30198617612346,4.978088137031156,0
38.35520705390644,75.95852927550531,553.1233410619493,11.59494853639643,4.4711319465956025,0
38.60281251048495,62.45552967072405,532.3838502160777,22.51042126814444,4.507766053593076,0
38.662641037349594,76.04335967510703,502.5547922950783,19.274457148065764,4.544207413933638,0
38.583165325891066,67.03438519349254,531.935016959804,24.40521453679833,4.356620657931966,0
38.67383091849938,77.12245069742153,525.2306483833588,17.371330383017355,4.508892094795225,0
38.930985735476625,74.92438757571145,457.11587550142116,17.209639497822675,4.5369406689427745,0
38.61851345476946,68.01846458344643,531.2638144640689,18.181180314100775,4.059121673679445,0
38.70901769481695,69.5636561442532,548.522319521606,20.222657188005073,4.628977566619378,0
38.79744923106718,75.37770451035507,509.9404635263613,20.895568763870703,4.483989351725991,0
38.73434358294323,78.96609522130562,514.4695370658393,21.670444768182392,4.364765332689044,0
38.861521701553855,71.35050286170015,495.7701913123304,16.85052229126227,4.701231531092142,0
38.50484389133455,72.75298190817482,434.6187149862168,19.899335714910894,4.882444111083085,0
38.68823637328399,77.65654590176257,459.5007803158657,26.2317937452676,4.6383795471746065,0
40.5307441480722,87.64316170913901,366.6381316799827,7.046922085281471,7.344046360072125,1
38.479110156292506,76.80415106598919,451.0876266947071,20.366759586868838,4.566235655361997,0
38.479743856259695,69.42921029906984,505.74788829817686,17.129811209307533,4.48031248388379,0
38.225428109703785,68.08503428999249,560.4503213673737,13.970934709241153,4.67029598007044,0
38.552697443066215,65.71898555101134,457.3187890042552,19.416071659309882,4.658844825802698,0
38.7072605784145,81.85470052536824,475.0969434686217,22.959968133313343,4.480893012963228,0
38.6303043982679,71.00330729476647,518.9155752754501,19.51885396508383,4.372462865915036,0
39.11933620953615,68.17099766666405,432.178099179617,7.948270084440151,6.878009993611251,1
38.451387760223824,77.24245661342253,482.55148203583195,23.490275333987455,4.600457587228701,0
39.70286288023866,77.80151709031381,399.5113796240121,9.402420127720967,7.007197910556581,1
38.47426811072959,75.52576030907994,475.601740979176,18.636340427165813,4.88138694917835,0
38.654384030967336,72.60905060249473,409.5947918821738,17.858710637584213,4.688261430339849,0
39.443790319018845,75.05057071845799,374.5880184617394,8.026564974481008,7.739630314680303,1
38.17374483690781,75.36180366475185,508.1893654221572,20.48965117219168,4.352514672355485,0
38.71600961314293,72.13520996830786,524.2422002745001,24.148041800030985,4.510535620868249,0
39.56235685511503,73.87165304362448,325.5465182784527,9.316590460125482,7.185562773630345,1
38.55566972692893,66.93591189492484,471.4141506773264,17.50522829051648,4.498157327480173,0
38.19101253066465,72.55468557459675,463.60590897352466,21.3545136917861,4.492138997107346,0
39.772256364980855,80.48523833113335,398.71102053085696,9.437672424006196,6.549074621619479,1
39.617527386857525,84.85847813029582,385.68433601904655,8.897141942204545,6.6810495683027575,1
38.708012363980515,69.35006312597703,509.55850399146306,15.980646146170123,4.452045767205406,0
38.19940593432097,74.10996542420385,489.14314850837377,21.60840890643724,4.6507479322989145,0
38.469740155953495,65.41397925717231,488.95491036826644,21.994529733581462,4.3208421595615025,0
39.02558009718592,72.13375949065922,446.1582903351286,9.552291297350976,6.553115101340815,1
38.336278994667985,60.675057532332204,508.32071488470297,18.437163664605077,4.818421356796485,0
38.27046172203686,67.04231682732299,421.1846041039571,10.808082083882121,4.61704188992678,0
38.419127601461994,70.22803963298826,515.2159314109391,15.674447898347946,4.462744172848983,0
38.78370626902961,74.29779103884711,456.13379468145695,24.135392473009507,4.102438268692984,0
38.079994698469676,63.08582185384509,487.56335172040605,22.912188317372838,4.725101603366207,0
38.1085322821732,58.77919598482066,492.30429079715935,20.751853782146576,4.466371390334446,0
38.29412569836359,75.02913583684824,471.2981562531932,15.394393997435746,4.329465942831293,0
38.91059440490033,73.39766953764622,432.51243852778083,18.973005553303683,4.817753930843334,0
38.74416425976261,61.467495019131334,510.52821905075854,25.49393054936807,4.424645243757631,0
38.744280507915605,71.64510649217696,432.86339418100647,11.318862644377651,6.721720587541239,1
38.76342301346797,68.46045218517718,539.7062615513819,13.522445612651023,4.576386294601784,0
38.399753178441955,61.45465689585833,484.40944324112735,20.89291602148353,4.5102914326944274,0
38.60667184894109,77.19758462379806,516.0116004712903,23.951878785513763,4.767893700903681,0
38.506805482214446,72.42936254429111,513.9346220198321,19.58879335750065,4.62227452036801,0
38.43272261091777,62.38556615754647,487.16804188247124,21.592141893693448,4.792060959256293,0
38.25277284079391,71.25279246964999,506.84900112153224,22.430596546165425,4.850867672151468,0
38.87192337484226,74.29120102194071,417.60780383573723,7.6923750643447235,7.487616245136728,1
38.56771057525718,64.38716850021578,537.598334972659,20.824438821879653,4.41241488469272,0
38.35565248933255,67.21528925270407,552.7003375069658,18.44098945991789,4.635364174427879,0
38.365875958184674,70.65916944115654,487.6656164503985,19.367239173410685,4.8784930600128655,0
38.66085114620206,70.10527832163517,400.23710658884977,10.710622451757532,6.547990008186442,1
38.24308314686001,74.86620723478163,535.6092670427104,13.573055581320467,4.795563109937239,0
38.36633096103064,53.942281583287496,495.44591495601577,16.842997493070655,4.587784865729525,0
38.449264784491525,73.71223960601941,455.8604459771191,21.6757350913664,4.53096705891004,0
38.58431732212289,67.32472805330696,437.1212471778449,18.220622238928687,4.767788100093922,0
38.53922629180478,71.86166622176533,537.4835717608023,15.311330295387608,4.419186342052799,0
38.51198652605326,62.24296981371143,364.27787520145966,24.396727734408657,4.655475387591638,0
38.255857514817166,65.32736966439924,548.655682762361,19.686569296924105,4.4983719604705374,0
38.73837986688272,62.71083557572215,472.498663143795,20.906810593818122,4.790003165733928,0
38.2128180952263,54.906971004881356,536.7162071007555,21.025481192642967,4.3368368367144985,0
38.48172008849818,63.490130309605824,458.8855035199408,20.311198160820787,4.583824300426907,0
38.82734799236613,69.7249025133112,532.2424392643619,20.086210416532197,4.563339858094761,0
38.191376354411425,70.48892958637815,483.5492265221875,27.00581011729172,4.6328589530741136,0
38.43678542879459,68.65760577627074,464.68203135754555,23.907194403583258,4.723154229954228,0
38.69931410211589,70.45149418094027,503.2277487834598,22.14794177339739,4.50670092415436,0
38.48841845002462,60.310979027031074,583.2292775272043,19.567462685872194,4.452976639855082,0
38.54655734858803,77.54001211178664,530.6327806327931,13.309904397135437,4.448647204596814,0
39.087418179456314,89.76868474515706,358.3469221748863,9.996518936892024,6.172856229853817,1
38.52910423955365,79.76459548469074,519.1149569370701,20.58824291093282,4.477175486998337,0
39.36323569012927,79.4365659665394,466.2932959116536,11.747392937608751,6.688982297473779,1
38.35430767566393,69.67378480234622,524.6080559009645,25.31150243985197,4.663904934156591,0
38.55044807928534,79.87229297965581,527.2315907264625,20.818469177212812,4.576754191375608,0
38.44050355982523,70.68834014023709,427.0136702815011,21.149684765343217,4.862396747714789,0
38.6663456227978,61.84362077018959,442.0617594488838,10.296835244448017,6.906850660404594,1
38.695684422405606,69.5807400332795,452.1370370137639,16.701767595157097,4.704428509186787,0
39.06689653695536,83.07166111224254,481.1920563055337,9.104941973287277,5.824473136689428,1
38.22195561496931,58.914095354563074,456.32081362658215,16.721444300744082,4.631552287858754,0
38.61412259944391,67.23956038850477,436.81668631395803,19.11349586817006,4.793636932106572,0
38.856359781754215,68.439057489942,527.4555354040382,18.510409572303928,4.268675358464445,0
38.82326000854438,62.88579981866696,487.5738550309503,20.040133367337084,4.3214529055666,0
38.15144560522379,67.89193119359047,502.4936903524759,19.28410078560036,4.6818877061284505,0
39.477200852178946,80.65843821164293,385.97265957601167,7.4609865278388865,7.180619908229617,1
38.52961788395965,77.3573507927412,550.6208945848682,17.924082332520197,4.423786332667741,0
38.61292118517872,69.85724393401274,503.1499672524825,20.07447652188751,4.396067132261576,0
38.16216339240655,71.80390386629624,407.6955243346648,13.979482589912031,4.505747251859495,0
38.43459653647805,66.26487201641842,508.9541804699275,21.697420034818293,4.557308644129912,0
38.515496103703775,72.12902733309959,478.98537026601076,16.270573934895904,4.65155050802855,0
38.77863625158698,66.43214967247334,477.9490192241507,22.873446571301063,4.76786982284632,0
38.555816771669036,64.57553689815265,595.1677640120223,14.868831935732581,4.658312735336394,0
39.686158993836465,80.67316619512529,367.98809407733887,9.518184720376409,7.294452288722487,1
38.60305886432489,74.24751416472624,469.61404056808436,26.967944940226555,4.433143637993075,0
39.74157341868076,77.49127588241981,392.19766470574916,8.91654367554161,6.69748767029937,1
38.52825142801749,71.51839045687765,522.244710945634,22.546775551753015,4.173886704038559,0
38.682694746403484,69.781598159981,432.0753612305594,21.48504701925903,4.707525980589976,0
38.49803103826992,74.00971579582063,522.9711571275952,16.650627929155156,4.2622989623863,0
38.24613390069066,77.76021260005992,445.7610775721332,20.779798454012752,4.940502931625921,0
39.595861260689865,79.20297323149497,420.27125944261485,11.797493809623573,6.036257564997083,1
38.66209761673466,76.58366125875752,404.16323271511754,8.282593585365593,6.968279852407392,1
38.23157445030298,70.869302163795,568.4152020049867,19.68285662702412,4.326835168916912,0
38.57442109452137,77.93678205068272,528.1346549827599,19.982147738467187,4.677831839133585,0
38.33872461417639,67.85990539735037,533.1249572467344,22.288799327994006,4.615138988001019,0
39.41478234172068,72.42600496386872,378.9979715689533,8.170704730971938,6.4672180330022195,1
38.62204323391784,72.3216442970875,514.4855808986856,18.316552604478897,4.631394592193686,0
38.08012874711619,70.0416603340346,455.9225367366894,19.789544587092205,4.736644602957761,0
38.28923290092713,64.94583522876383,470.82572722521024,14.833763948428352,4.68556287903058,0
38.52143398305192,72.56737747473015,508.9653249902754,19.6006551162166,4.38429745172708,0
38.2771907099676,72.91476808943223,467.94434918200835,20.812307137096386,4.651732229571078,0
38.96493466117057,74.2265881442565,458.57565572509975,21.724966759186305,4.596598785103233,0
38.719430542350736,75.91631781028985,474.6713565952937,17.453968562236515,4.504232508798319,0
38.750508146205846,74.50885570857453,540.0965701415789,20.998665289901588,4.444196115696003,0
38.74748762693683,72.32803742434501,524.1383468738189,20.014301364800808,4.508539668982642,0
38.65129767086322,66.38669087854089,512.692245162431,22.20718084179398,4.217187985882506,0
38.285334393555424,71.88395294290905,528.3192176878698,21.446485507536543,4.514230414878785,0
38.27760659484517,69.90467118570216,547.0955786965383,23.260748818553477,4.892835447750487,0
39.12853818923338,69.94969970511318,432.61472059713026,8.729366494445307,7.211776222370816,1
39.26378668707833,80.36700439946088,387.93282054924003,9.706962496844707,6.932792132227606,1
38.86086962195735,65.12731922843182,450.07887146937077,22.39549083164836,4.56181924165454,0
38.4935438777901,69.26958270722638,430.54754491664363,20.532335428504183,4.728108587014955,0
38.93301121356132,79.62600728840897,522.9021768138872,20.81178959126505,4.8381097188687185,0
38.67780742445598,63.692613690866594,494.69240833864325,16.162709464657485,4.7147488842008825,0
38.598301129449354,81.66685522668737,473.34986546867214,21.106579205460392,4.598142287686437,0
38.692970326619495,67.9889770580386,474.6346899568053,16.29371726401351,4.923116564709646,0
39.47580049224809,87.85335853806995,398.87104819766853,10.202388684767946,7.111574601404845,1
38.41528028365436,73.54280976995875,444.2645305400925,17.10628614478262,4.32687651916197,0
38.54767379654696,71.51888007196814,520.2154602942087,21.71270480588868,4.7950395259564855,0
38.50569151623663,79.90580106472025,515.9705983964252,19.147876822818176,4.18443763602876,0
38.4044708834792,65.87212124674973,378.6080000037231,19.749412372247825,4.34897292560532,0
38.37713537118074,60.7866241938649,556.3197571750097,23.204639254953396,4.458042201553293,0
38.1358479444396,77.31139602387148,487.336026624738,15.801575519479151,4.458845303380927,0
38.62920123742291,72.8052895431085,472.54164990629226,26.524459927445974,4.125668127828221,0
38.318448763970615,74.73107362550927,450.0516303804221,21.742986929094535,4.903856784728354,0
38.409610125617625,67.98322353353286,477.6510542488911,20.126020779730887,4.442132298856064,0
38.61900589316711,65.39185729225304,489.6443945567672,18.85841745801179,4.488515389378335,0
38.59981916322755,65.92161176380101,531.9682484172356,19.61598292192166,4.261545833671334,0
38.75101378084636,75.00955306339027,384.13434469178594,9.240767226496027,6.929189801447067,1
38.62377725960463,72.86013521286571,414.7750488705007,21.338672924629396,4.927671946454188,0
38.71506868039138,65.17079841017645,494.87924177516214,20.80229769787833,4.642133693040622,0
39.061435436812445,70.98475174339693,384.214237237073,10.853284969282981,6.680327291029026,1
38.69746690331782,72.49028318003498,454.12594110029676,19.149282843412113,4.584809795271495,0
38.45657378501076,65.75362896710146,486.6809724217217,18.657285754009706,4.705307336734461,0
38.32778241796529,65.96399521695142,457.99669151315396,22.32724878653945,4.880673994025038,0
38.43635249445148,79.08204862818985,524.5532329916425,19.336783101144487,4.4437687243737765,0
38.32864558123464,61.41626749342058,475.06159898615755,20.78623161747918,4.488890644102626,0
38.714030047663286,70.73383859764371,457.3895430224855,17.394331553574744,4.594695748150188,0
38.0900117442845,69.27303355371741,526.7763584911179,19.09805068318036,4.831814812991179,0
38.44793819174571,68.42127325513593,519.1818062453245,19.45937992787006,4.297991757602949,0
38.564416462153396,75.4550111912934,496.1081049521104,17.609350418996065,4.597781599210279,0
38.43887787716924,56.96920562423498,475.07295729353024,18.116308720095155,4.746191795275243,0
38.88824348729275,74.49462343349542,519.007843049289,18.96767483663938,4.424335384564052,0
38.4487318643255,58.43383428464367,492.58599336266104,22.63931685863645,4.492390448301972,0
38.500105591771316,56.2237590153471,460.77007877783285,15.639526907717698,4.720241349785822,0
38.37847073092531,70.27338595580622,500.26824289656673,23.13876011435665,4.572537806842224,0
38.60172167464669,69.56296413393108,538.2764914342391,15.51399509105305,4.513938136009071,0
38.59694656345889,76.9553374131581,479.5334833006745,18.138509952676856,4.430728669001825,0
38.44163774621689,69.06607878765831,490.7231391172516,22.905563209404814,4.287361838260669,0
38.87110066295885,63.29940114905385,474.92397597560625,19.066288949093302,4.644846948907058,0
38.18280333755241,69.80011176464468,465.42776142091867,25.99017962559101,4.22401512297219,0
39.41798858228353,73.35137486949145,459.8377464500267,11.728237016021103,6.201096941928542,1
39.911499140216364,68.77660585533089,352.2531605850328,7.484553098069707,6.767581614111302,1
39.99555986551903,77.11488459430666,363.0782110267923,9.511994611255274,7.191543220312718,1
38.60387174912758,61.33640614887878,507.9599328341716,18.30743126270755,4.934672789230504,0
39.72557639502434,82.46980112393875,450.51695446547774,11.920259357152664,6.901027538398649,1
38.510045539833136,65.92625967326232,457.281876168443,22.424165889988494,4.695901509600321,0
38.36760356444068,65.09190706125956,503.5336809514917,20.207808687718657,4.685177441238607,0
38.83497193458281,60.686442035494984,490.28479958713604,13.27455174030643,4.545039539049462,0
39.02211474756437,75.09104721271731,382.8331568382954,8.38237901699184,6.6362870247547585,1
38.32730127900701,71.45419230711651,432.54408989134055,20.204277392268178,4.593759302212183,0
38.919587867826486,69.32178936657387,499.6102499747081,20.249211161068448,4.494873813202923,0
38.60085757067685,67.72345680552175,437.00519096928286,18.564865008917163,4.658192946027488,0
38.446879087942776,71.16064233341602,483.79446962052634,19.7900486061722,4.520024352266326,0
38.439906810255856,66.29337993536795,520.2553628238358,21.272645512684942,4.398879724862106,0
39.41824979549884,70.33932105638308,439.9040182423962,12.09153938254029,6.193342980231684,1
38.50125463123688,68.77833293291755,542.4627449769185,23.73977313323578,4.293692936951271,0
39.13862151356897,72.5508265313185,530.8465580093103,17.800522593529756,4.659750581673137,0
38.393805820437606,78.4754090877895,523.5050035302892,21.21698205194775,4.5329724437657095,0
38.40484091119902,61.13539150353424,489.74792591460084,18.002791108678956,4.434777601657091,0
39.304999728762894,82.79236900940643,362.93028772480665,6.260876817055118,7.947361222266707,1
38.13162044540843,71.2450964443697,481.7639615034812,18.306057602430762,4.778413519946344,0
38.95978588850118,81.33063153600354,369.1387638234064,9.844642199473538,7.794075966671556,1
38.13076242755238,63.14595581397768,490.1690572297324,15.475048949293072,4.414097827961518,0
39.08235439915432,68.64571045854572,441.91207450181713,9.429695255487747,6.7348828375710825,1
38.79948633663592,64.96157447792753,557.8298236676022,19.825051047661525,4.971540468707547,0
38.58297310007238,74.01262188769007,382.57457718140114,20.283895241304855,4.6926577060236205,0
38.49944277786662,67.74833731843145,451.5346098228211,19.073666100016577,4.493381919596833,0
39.39724938340515,75.97587960047625,423.39307876430433,11.868452817394003,6.682302997745417,1
38.11843848842452,78.27363385143732,515.2848200568069,18.85651985620849,4.4279229978440995,0
38.20981442177776,67.50321693909815,517.4755702548732,23.42313757850177,4.615115274534007,0
38.806686740259266,69.87802740028216,520.5098308579798,19.315386879521572,4.315208569509971,0
38.70036497073639,67.04470106100938,419.6402537451728,17.706183081880067,4.500485832322958,0
38.78969984597858,69.836807801089,499.9296007838391,16.007384195286036,4.528046270842182,0
38.37961111161297,65.79084769820633,521.6592533267774,17.49194647017861,4.473353720657005,0
38.67375450011816,75.10846870916247,418.8516793232688,21.98362160275056,4.362732714578029,0
38.43843830577222,72.71641046425324,542.0293206886931,17.37932378763469,4.432282840310553,0
38.492682005131414,65.45287965332143,403.68944744438363,23.552158770485725,4.731929999616474,0
38.4429811485916,64.33428341914279,489.9420154377617,16.756547939248854,4.627729036742017,0
38.395067518586636,62.51759924787838,468.92417858708734,24.195025698742892,4.69873096952863,0
38.58566141944153,77.80960766492073,591.8925555357764,23.22599878255397,4.5625711469990895,0
39.34230151650859,79.99928840408928,400.3005238615832,7.785087595666226,7.305482671061867,1
38.62590591684436,67.21778095976289,502.7568198391392,22.943800733071743,4.439136848068001,0
38.61745248269283,66.57058845572378,558.3648777403362,20.406666899778816,4.55887442927135,0
38.59472641536229,65.24569225398174,476.7899953656674,21.882628588211855,4.414723774003692,0
38.56262642800263,63.83152992693974,480.7575162807291,24.727349168048445,4.7374131591717825,0
39.59162545800094,77.10511379559775,356.42045128779245,9.987158565683638,6.940466187050833,1
38.56034000178035,65.14081292612354,483.2081358270012,14.390702748386694,4.635107245915719,0
40.40386401556443,85.07746625136348,333.74314026393256,8.410414782005782,6.956966386871507,1
38.42609461423333,66.78817149043732,423.65722414015454,22.72738303179344,4.573705480865666,0
38.60450282105315,74.73872312364206,423.9480003833865,24.52456444753917,4.683679644177737,0
38.16576604550119,64.3743869347926,525.8711608132062,21.61242107596073,5.007174707036358,0
38.23290368618002,74.35937581276262,464.75275990136146,15.316502893020678,4.697207257883527,0
39.50109792299632,87.78378157337625,421.63451014893894,7.56385876710619,5.802691671867969,1
38.49074775654673,64.36066206750348,478.5916557778857,20.34125216324261,4.622820298445304,0
38.26410806709844,76.83251739304279,473.8251618431036,19.063554283197515,4.887017479844447,0
38.199955627710615,72.9167921531937,489.94627620665364,24.36679600735613,4.444232591435913,0
38.506780544736465,69.50778919577355,488.2290143593719,23.039411828341294,4.361918452865101,0
38.49542638754022,75.00713125934908,515.8644583541195,18.571839941731923,4.400139553541018,0
38.53676990895074,71.55211576325367,454.7309743041421,24.016676582010756,4.960102236302171,0
38.88703080801204,71.99734363777657,467.02456747569533,19.99786080661659,4.763100204488852,0
38.44067850818604,71.84336797235767,477.1318976161377,16.553933340546024,4.648264386983356,0
39.22618985693766,81.19191603682405,469.4614269546838,5.2655378625786575,6.558102134184715,1
38.35706386460191,69.86486975261622,443.5451013907681,21.152472615852076,4.704255981002762,0
39.7754387292348,87.18054129908832,360.9082767144433,10.916653356765543,7.539744856554552,1
38.30122746503303,68.99584198075425,433.4787229215365,17.473570380218014,4.684038308578998,0
38.2966633742847,67.56632628786718,502.0629619784608,20.02528050235255,4.55118390526516,0
39.2669139904414,79.29669946552598,398.96182703062306,11.117218052677215,6.897236691064279,1
39.45532480216938,75.5459624540533,361.60418143986413,6.883367037162314,7.299801960282464,1
38.856955007837016,67.28288757398137,604.332163540776,19.44590671599567,4.602690072923858,0
38.25409008110952,67.39703052305133,589.2968393180257,18.69506924746997,4.699339844647304,0
38.756992984063224,78.53628022734165,460.32093992077773,7.56657384171005,6.439731446995008,1
38.22388025882007,67.37324135075988,517.6196663735259,19.34358915838522,4.512768911698503,0
39.17118873820317,78.88493511261326,361.97314503476406,6.746128534554734,7.330172843638032,1
38.24129847495918,75.3678918383228,476.02067701630904,17.28113225416741,4.460861024560587,0
38.38721050238835,74.26750076609446,498.27593665793046,20.39202373237417,4.436756551091607,0
38.50887175950312,72.37158426444685,482.8476130661887,21.692756418834797,4.250858513428069,0
38.12468945879162,59.859515715790806,457.6882042897081,18.16407555939105,4.723942289193227,0
39.50523416803892,74.19298377297363,417.1255607710857,10.31065085447705,7.090038314739199,1
38.90285359956578,76.6906999383636,453.32741470603764,10.588865080469606,6.221917894235109,1
39.17912776520695,75.04791715392268,406.0199904324257,8.68410925729804,5.75874516486908,1
39.64035918486719,78.50354296134252,422.5376990135766,10.077624377706032,6.745051284640241,1
38.30242533181985,73.09549667799078,491.3671759877758,24.050002036589312,4.430629806774927,0
38.53360306810651,64.9979817367997,510.0818758014244,21.71188489307871,4.789042306922297,0
38.5367669032645,64.26980764506393,464.3301944685736,21.240283027027253,5.138606732796099,0
38.971169595268826,73.02522843781063,384.5011822586168,8.298295708180255,6.312286213391122,1
39.5385764550327,82.77372590215178,435.7418452091141,8.916444584258267,6.546285660924239,1
38.89083148675006,82.01663230877607,569.0437145510654,16.841539413100723,4.498850659147612,0
38.56431864226785,71.8661338416281,502.4243787031437,20.205478816206032,4.950986614329448,0
38.64692750909187,78.34399724399657,529.6865141636297,19.260733812139005,4.402839238266434,0
39.901367931371595,77.44454001446573,403.10012635864723,8.961493417716824,6.66795196241342,1
39.22246954449088,79.59226453718237,364.13287198420966,5.639422324827717,6.694194063475756,1
38.58950146661341,76.20835338626827,389.1467855063333,7.809666611381501,6.767760100281295,1
38.59871204086686,64.0622338863685,522.1401199885025,13.916894401354925,4.658179411518001,0
38.1846007035618,67.02281200253941,571.5214581792482,19.917035910182737,4.439435111209831,0
38.69875644290609,74.44224520740076,502.68076796921196,17.486408607348935,4.874782877042289,0
38.317437816140696,70.62955296460233,454.00881001690084,21.222340599736324,4.516513923602113,0
38.3104214565462,59.226562561111734,467.53006012303956,22.53373135036147,4.4331353909016835,0
38.24991845320606,65.28680562864997,463.9667068051324,22.90313788754056,4.720903065271073,0
38.37767325266109,67.94587986914725,474.76935371287846,20.18874745481115,4.823726466830842,0
38.3747369447634,63.856784367340396,438.49939413072934,11.234337640276781,4.698812783795104,0
38.26933351935885,60.021983136197086,470.4505721245554,14.546520804494463,4.262531130577858,0
39.845025141084975,74.01923692924221,396.74667663717497,15.196600054040253,7.456245825395315,1
38.757225772120165,76.13918742746709,329.4057491334336,10.37683976910081,6.889261221899079,1
38.917907744338955,85.48489927008947,498.52562097222636,20.724878569368723,4.278467794576388,0
39.1361253629482,71.38315284198342,338.62587986458334,13.583189496831988,7.084928863832065,1
39.488962511152145,76.03335190607824,389.19403181743064,10.013022512516653,7.393646411414386,1
38.50303658850809,70.14058013425286,401.0110221022429,22.16389144029893,4.405038684815431,0
39.53446632015711,76.8317395140756,416.08900084281987,9.830598450440085,6.635034472713408,1
38.14137870949308,64.74495151425704,442.3184979983884,19.761670631299722,4.523436562077406,0
38.8698750427803,66.03889727866665,432.0230793136743,7.601224143601508,7.470557210883281,1
38.356233522478256,68.46473911717506,485.45506218779394,19.540069233620237,4.749001062575456,0
38.47374860658154,65.88997336771155,493.20822369795775,19.445897579407003,4.615370376591753,0
38.843596596098905,70.42257327033987,395.0164969548155,7.861734354578416,6.7553964691428225,1
39.45056381043901,84.35711919000067,375.052246046312,7.741810651966435,6.439179378256996,1
38.505462675970286,64.40130790885617,464.90115863861666,15.207611315762039,4.5905258594911125,0
38.45174846907629,68.8181852743149,443.31081190475527,26.080473317652825,4.734514740240546,0
39.95706918130238,79.68484259592513,446.73618752836387,10.537189991652479,6.439751706140853,1
39.078729101861086,76.92575412375363,458.55262570169094,7.956463055772497,6.698419317441106,1
38.40245892541025,81.67006163937326,526.6847959162694,21.69804744761662,4.814866600954049,0
38.79639215368731,69.54324290259176,517.7192232114824,18.381985089707545,4.543356392210953,0
38.77989728539447,66.02132279891313,483.2621344923098,19.28147208557403,4.474269138985085,0
38.31612308168272,75.13474246345318,583.045910828048,19.254959851591707,4.093942495450734,0
38.49602527292634,63.50812741858463,457.25008379481267,23.958399222315055,4.578547046837811,0
38.75815168482448,76.2587315890806,452.4925874335439,16.401830805816342,5.117581794706137,0
38.924954280603394,66.06226412749378,480.53077656251685,26.14444028806657,4.86626781239768,0
38.38271697022225,79.16888476939869,525.0302979783332,17.31035082212356,4.476045574349224,0
38.890651827505316,75.5281029390805,495.92376517990044,20.703050550143406,4.494824064820959,0
38.52117889062305,60.783981454718074,547.5976121354375,26.31953064106691,4.7168825960944964,0
38.10621537151678,68.51387374392232,485.38477392749473,26.524479871772787,4.6206876258616205,0
38.45949515458703,61.13811168512622,451.8931089114551,23.38324249525017,4.494340590667404,0
39.3700845675634,75.07949842347284,405.07843404264236,10.035022006644429,7.994103601041364,1
38.6606309485228,59.9284745226421,497.7822417242386,22.43700916176897,4.647925503647799,0
38.71930942364605,78.48872070138738,483.9481923249379,24.939498306856933,4.161749229766944,0
38.3352129026056,68.68580013458968,523.3189662214027,26.54863600259243,4.456178109710162,0
38.47313825170589,59.29391417421804,533.4979518030076,22.625718018594952,4.7621616546319565,0
38.22523303502027,70.13949142471407,388.5338722503644,20.509685738898483,4.875693925492301,0
38.50073913436957,65.55100767972624,460.50752533742684,24.336829078501992,4.802292607081671,0
38.62673220495481,59.54401433572796,544.3340976343823,25.38974514883514,4.46036006507779,0
38.262207316093004,70.93810302301884,498.9870556524762,16.881465756599447,4.590023969174376,0
39.23667780879613,75.80882867492902,410.0680256193561,7.786279245715273,6.726458442736316,1
39.474402310089026,80.51673162176752,334.89732019515657,10.081645398526964,7.137535803856695,1
38.45237791273759,76.65556437350538,513.2946537168982,17.323325892873438,4.609200549450654,0
38.42048844690166,63.55563302415179,465.9241154820199,21.333858044655948,4.847530751502399,0
39.493075154883684,90.28386262804672,358.8831397206376,10.478723961889418,6.968037796180736,1
38.33491789400421,60.57289695478552,413.45802075309615,24.034578805973112,5.189818885061745,0
38.60262115963522,74.51317418116008,451.3992786613036,22.454983115509897,4.548090664483216,0
38.289971852079574,72.49099221714059,493.0475749010977,24.42757075784588,4.751499029867497,0
38.665645938036924,70.42552318982074,422.03789572478564,18.702472613514896,4.81817233412074,0
38.64903017285696,66.92346821835345,470.6825599289454,21.4855335196417,4.6268332831991685,0
38.251550693290156,67.60517725612435,512.1443749837276,16.725028956413954,4.374882577193606,0
39.20571550205733,73.87898947093043,481.2627071928511,11.428514587243598,6.424214703205607,1
38.86972176665928,73.54617937050793,540.0638188930151,22.23591932270488,4.564887210900157,0
38.71719642323501,73.94129526628812,564.2790911876033,22.671210523279466,4.49280731097719,0
38.358621486402534,75.29263525109539,451.82701159455866,25.298586452667863,4.771111131804142,0
38.74005234994777,78.84382320511662,415.45246154678097,18.863323637272117,4.50736772758292,0
38.48127276225217,61.46747298733939,454.37545041336443,16.128801345385284,4.865159329508438,0
38.12496550607085,71.0277645072696,494.72268257547563,19.64799821391993,4.623005215829483,0
38.61440125566009,70.04578257079214,474.09535049482975,15.346851444800734,4.459054312877823,0
39.14324929384525,72.90638487511413,450.029439992889,7.449417835019885,6.392894276369218,1
38.430816134190565,64.84534484549721,483.4988139964302,16.645308121725765,4.777830764957561,0
39.530082006442626,78.28303500331006,376.57783432172516,9.446108263762971,7.000266288552484,1
38.37882783584822,64.43068316008568,452.98206922020574,26.36972472348162,4.943875581241459,0
38.389889613658305,70.20549336589293,536.9166132418895,17.383796000042064,4.663271664307229,0
38.40927272248166,73.90495884326725,489.16652572879394,17.377298707282797,4.9452453091271265,0
38.58161056936735,65.69896245812595,489.1189562849319,21.536842312413537,4.710159514454732,0
39.59996009576948,80.71080679494911,366.4223837273562,7.591207393641063,6.91170713528661,1
38.8252026446777,66.98804336484706,388.07388643633294,8.261848927472817,7.223125672328318,1
38.37342394502304,61.85199676972156,527.8341326962685,21.07617567571836,4.637865661458474,0
38.388776250647844,63.454861970431494,552.5015736832694,25.359752706768965,4.573987941289276,0
38.60867816557436,76.76552418121453,430.97513698433534,23.988711176482997,4.600629545381265,0
38.552804016266734,72.15477410708401,411.8980280501208,22.43525373723276,4.854470700021353,0
38.40516436497921,70.60629017422598,517.8411137302196,25.173809104490104,4.445645608521424,0
38.38417517807285,65.96724598736752,486.84218676542093,22.32183032252886,4.5038332420976035,0
38.45027682924666,73.34265746365278,510.75130986471424,20.290293986024253,4.725322727452614,0
38.819664361528204,71.13121499045972,484.92952812352536,20.17544631715853,4.746709562701173,0
38.58954338516205,63.552797042902085,503.7138568550278,16.629644326085916,4.285824769586299,0
38.710389523544585,73.18431742586685,573.8131239825594,18.94905397564947,4.400387874537117,0
38.56152253363784,73.03658143821345,492.24985102599896,24.37032380894437,4.49508659724659,0
38.37869932235685,64.86199236387594,437.6341639044857,18.71449189397048,4.69118083903414,0
38.35081157470488,65.11925989549245,457.37684936635884,22.500600224733343,4.467691711496942,0
38.282834974222965,72.26055479923899,500.7480387334625,16.560865527118448,4.7358746565913,0
38.427992146248606,71.29820643278828,539.8059463016439,21.313814232314275,4.454384580428935,0
38.57736170413784,76.76115090974463,489.3354808493674,26.43141075854201,4.818196085037193,0
38.44098201715242,62.053551878541064,482.366647404581,23.015928288764822,4.795163343868942,0
39.72454838594925,90.36351583679823,402.5393663120218,10.024232747149792,7.012802479528777,1
38.455622345741546,71.56476991280334,440.1706754651418,25.66919553554524,4.330045386123754,0
37.975036588725175,66.69355353330755,516.4196406957418,21.806168390992553,5.1098019417435445,0
38.616547516634775,63.73419496288635,390.87613034769174,23.488421466557337,4.699374718101519,0
38.827992905874275,63.01214837561119,471.9626080372988,20.383563451675446,4.748425498214378,0
38.54873144474054,64.57138924011628,499.05287154655366,17.07063376788206,4.381958318640113,0
38.34830093305999,74.12759793122862,530.0227783883905,17.262065532421524,4.553919857158846,0
38.8510951396631,71.90373484790464,473.0309592991603,18.69352324018112,4.914603945042971,0
38.61871134445617,72.11810792396203,506.8343701848141,22.196094379787382,4.011922273067143,0
38.45044951635206,73.36923391618745,466.5768033996518,17.41756012576153,4.864082801956767,0
38.02160875913739,73.24394621188968,426.1504638107382,20.13065678699236,4.768954875156339,0
38.67090504541332,72.39827640206775,516.7735861021586,22.927851025724834,4.381613219920937,0
38.44302490132607,69.17361401144778,507.9709189909102,19.393933968812345,4.548764049500924,0
39.44456692690924,80.26015589244915,353.3113280313345,10.414847273032123,6.282743382496541,1
38.0835802593622,78.20931684384732,452.1433571046022,18.436242534637245,4.710629831275842,0
39.77724517834041,77.46002079308528,352.50508658979436,11.057176329415576,7.2086061571127455,1
38.185823708574816,70.51348920689662,414.98961718717743,18.24059257922938,4.87111458714207,0
38.60140405442707,66.56376679137212,476.8918976480581,15.790677473876872,4.5885209269851925,0
38.49020699382831,74.7698730870389,448.09750202252116,29.86820066093057,4.742282115893099,0
38.38527964542062,61.647594709441535,427.5859953030685,24.98489392533168,4.620371259052397,0
38.63582855508764,75.4778526664309,502.5166396597938,19.11930565324109,4.539590900102027,0
38.75133052110781,67.30812304211591,489.32963706745795,8.818982996161061,6.516223599028981,1
38.572828059210934,71.54556221752836,575.4509923075341,13.632912405084362,4.601435693381588,0
38.37075453803124,74.48096134590995,514.5961164734525,16.420842172706518,4.955062178521902,0
38.8354754175611,59.66573883413458,444.86862621850855,23.510518701820093,4.438965649651425,0
38.527112683282944,71.76952029772708,529.7216250188666,22.138967651209214,4.745703728702907,0
38.677458167453345,75.51963929649318,483.97044994607563,20.26648136549144,4.447342779164283,0
40.02722476902313,83.6219448783039,389.2066783605351,10.378979072044634,7.110062197613913,1
38.5226280914106,67.85094310147787,477.31705218535643,13.879657880196998,4.527376667768887,0
38.832746566428696,81.14709626141611,502.7590555970396,21.98217215685918,4.66104862530627,0
38.09275589942881,56.704683787561024,502.8360603333318,19.370282617745683,4.609498693650329,0
38.71430863044698,65.51932562241059,501.58263285901717,23.087297453713372,4.638127118253005,0
38.662830352423654,73.66542660868674,406.51862973482787,21.29940242987516,4.696413345467077,0
38.29722080954149,69.91006901037784,450.58633697565557,17.258345084773435,4.617137432280671,0
38.559315109028155,72.34237291288255,551.7560014161821,20.764071693205146,4.692636959053517,0
38.39375714107848,73.23821419128554,499.9571557497544,16.706069449784014,4.696775330237608,0
38.2624469520165,68.64613725366745,455.71966357668674,21.8165939338929,4.520535349489728,0
38.26764323121753,60.88428423722738,504.5411214512937,19.208572903489156,4.543372220651246,0
38.504639195711476,62.05288277770625,390.4241804448035,15.425089239751602,4.8702031504973995,0
38.57272637652499,54.956527872437114,488.7497141411787,18.834174158736626,4.77737747801946,0
38.55336367925908,69.68451335347409,507.6860803519217,21.303549060799615,4.532175544145992,0
39.40450021249354,66.57859030255838,431.5159924086737,9.61963563587985,6.652289144301519,1
38.53142558379819,71.43890467443796,461.4677797376689,18.06575829069238,4.635237964500538,0
38.69952641538405,69.84565952952117,486.61451390897173,22.51963342019642,4.542641152852346,0
39.15666393919151,74.16596647422347,393.0906637460352,10.733304364850548,6.540983277745936,1
38.83914457556217,78.85434046960945,480.7304502939452,20.6373012011726,4.979457738954622,0
39.376630958477634,80.42166689859295,360.9264061933194,12.036618620250884,7.00249639572237,1
39.49017227301065,85.59849020264615,332.46504537700974,10.140516428053637,6.481777172823647,1
38.70589149631967,76.56808109109029,478.30624813850017,16.578897321709753,4.77446307600569,0
38.540951776480355,72.12550033886693,518.9362468818224,15.102350471102193,4.753175655896123,0
38.46036086472406,70.44077211469167,464.66366354917733,24.12166821990999,4.7020314937830365,0
38.721416133857396,76.8558591337617,466.42954070951834,13.363774926012683,4.57592376720928,0
38.280896122230885,63.8359627692676,559.413608709511,25.764606961156836,4.423849182079453,0
38.699116302800405,60.87467763027512,450.1963995083985,15.033210382648791,4.940634521983608,0
38.60297671921528,67.6274607644208,514.8470778088009,21.16078377838772,4.7639850505270465,0
38.70767577020386,68.95445301117691,519.7050545247747,11.304504403020378,4.296130784904631,0
38.30724821475788,68.16607160864031,495.0119362207288,21.221509879577553,4.408569817020991,0
38.99921226730447,80.44974097002736,415.3192210462104,7.878306983319812,6.672378425733353,1
38.54033058102585,63.88051269470027,497.4531076394715,20.29190315649809,4.394005545044612,0
39.18183943594438,69.41546009587722,453.2366887773872,11.796187389576225,6.867384390507845,1
38.565575904831874,69.14580945520383,452.34249158553416,13.218168378838884,4.617178601258666,0
38.554602143498876,70.53296884176197,533.306495580633,19.86088043246306,4.185071992490726,0
38.537895964244214,71.4114305626402,517.4645136880598,16.22947479555468,4.801488794639039,0
39.04356749338466,77.94600519454939,465.52474477164685,11.257331097572429,7.063621737565367,1
38.84650299989702,75.7770908488429,399.338589610542,22.14035808386585,5.0462600292385265,0
38.7242061334649,69.82628076864167,493.2061778999318,20.11897840753009,4.600041412983639,0
38.71421610008056,78.44489782941001,494.05424596457635,20.079214308405234,4.185102729796737,0
38.76611498080781,77.48664306711507,568.5623285936277,22.9386243719731,4.360642270714737,0
39.02920194461659,79.63600708730308,438.8662450065318,10.8927164392569,6.49093622189167,1
38.422296309382226,64.74110446811615,495.4133024450793,23.10670678194533,4.824822543997202,0
38.445517996679264,70.69499853954274,452.09635622655014,17.634078397720184,4.846744855667239,0
38.265224007118206,57.13169857370949,446.333167637319,26.60513596926446,4.560412454203063,0
38.260406714156545,67.20002204113878,503.3841359088809,21.04348219593259,4.777415955289257,0
39.62016381009107,83.21113356393495,413.49784968427326,11.557654277639859,7.10171653192543,1
38.532952168247306,71.72733653342945,477.7156959016157,20.689285021026848,4.610177540371203,0
38.789726936001706,59.1515206690935,475.778485710079,8.145880155027212,6.748581482699217,1
38.43384502079539,74.09526142407583,585.8396669648533,20.614701396759596,4.4979678372699565,0
39.560922460644086,72.15673363226999,465.7500027791991,10.244072489868307,6.14746595583317,1
38.39469366258079,74.41459289080478,462.28778562570704,17.761816430159154,4.495284802318683,0
38.540647190917205,79.37996360776495,514.4276820506159,20.727838740529116,4.508473350132476,0
37.86591485282439,74.48333881229242,486.2995569573867,18.622733699024042,4.642120167859528,0
38.633668097743616,73.81302720964038,550.3721094773201,20.40405329109471,4.4531652402443,0
39.68268127455426,79.32764849412578,375.20732707650654,8.943242034038462,7.006778606299348,1
38.758412066865304,73.33027432845145,485.8274268072088,24.255744173518906,4.450165654679351,0
38.38281446533645,66.37316802489072,457.0062393783933,24.06006825459665,4.665821355742025,0
38.49089755093975,71.90423282095605,429.28270646691914,18.36869381650982,4.515152733320391,0
39.51239026478564,74.7280695221749,459.6693966134169,8.37240913458725,5.928715472107427,1
38.64317454893819,74.69404930201665,512.6195730670134,19.13610369560556,4.645406895772977,0
39.458319539483895,63.108203892659915,310.83309382480616,11.734087482045013,6.905420324781914,1
38.968730810562526,74.53398663128651,475.24374335320323,23.11072434710816,4.77414932891768,0
38.11754900491604,78.86404803471319,523.9349472095871,15.875402763187694,4.586273190782906,0
38.22657243870795,71.12637913574072,506.0880178571733,16.299417636198214,4.769634842533334,0
38.27323392863873,58.42384190390936,570.7909623059948,17.84140771173127,4.517504197622412,0
39.48661812458005,77.30545351798295,482.0502282310368,10.321906756011698,7.338490302481099,1
38.669376420776985,74.60046247758181,522.8533363155146,18.94602006594858,4.5769551534895605,0
38.45826632575591,72.98754779245402,478.8966790954149,22.82684104409409,4.537466310853528,0
38.606925817224486,72.8223335748544,542.4210397546314,20.15855916640714,4.072850452196624,0
38.910894193295995,77.11921638564976,401.7643499534377,9.033855229627896,6.96264881368907,1
38.64121578276303,78.50972969841911,450.11055190765563,16.9431417522741,4.551463744637593,0
38.55429906216513,72.77856802288989,430.08078094088,21.211521924814722,4.710295255047904,0
38.733893123230324,66.80149635428161,346.97988498791074,11.225035579269994,6.887413616964378,1
39.15215586558254,81.97354842929336,402.66484554182995,9.299603659757599,6.950840157560874,1
38.469935907945626,62.72608474294517,507.8616680341675,16.892530129170108,4.534660757362727,0
38.60272289284622,74.75163664809988,519.1889495824005,14.001289017257026,4.606942749750512,0
38.29698116163443,66.97173013843353,511.33033755632573,16.22118385996736,4.437828497757932,0
38.43807005720239,69.40489840366365,474.7450566749982,11.287796189376358,4.829205515002682,0
38.8067455419833,65.75481769617441,540.1830750416436,14.816728229567948,4.49283970738954,0
38.82715956122716,73.77285800220513,584.231682655719,20.36462889014402,4.555791507292589,0
39.57602947053464,80.24694637003901,354.84356369333364,10.635852623778138,7.235084170463146,1
39.28524754128726,74.55729521389597,513.0819467526105,25.53345053742598,4.183177412100282,0
38.50256572870874,59.00236712704752,466.3302554088966,19.30916233629568,4.695965407073366,0
38.48163104713301,75.55061580525098,485.2354400505405,21.86016811082366,4.582512934244564,0
38.84947263958311,79.60950199976256,436.22291855371196,19.4093660489895,4.786438312852076,0
38.83783778673033,71.51697948706686,460.7009014305737,23.969846000723905,4.933984556280928,0
38.416418090846825,80.79985924961295,449.96243227168094,16.804241217642126,4.194838425377724,0
38.456866472490475,73.98174395519729,456.4597636106269,22.900247873957603,4.42540778190926,0
38.7710885602211,72.64629565602503,500.97091988026006,20.567364987289512,4.83403974183932,0
38.39612072563477,69.63190478238448,465.63389881867437,21.485454337421466,4.531818424530783,0
38.18037512962325,59.26395700942914,491.35303804184224,26.469003552878274,4.692434533216388,0
38.397357286705684,53.80485634087361,480.9590889033734,17.043124910608654,4.554280016931996,0
39.14470277859138,80.50544434994957,410.95208063907705,9.980295114792227,6.777631820591115,1
38.794534135150194,62.519368106048944,475.5290201393497,19.431244526033865,4.479203874806154,0
38.05062213320308,73.60545080418579,471.5708041631089,20.807760460207554,4.47865994104694,0
39.24858499542442,76.54574937024208,442.74014231686294,8.336711988799653,6.047260381800944,1
38.27344300974645,68.80245193092085,465.2343048530189,17.51158478793289,4.670074043277268,0
38.745604823040395,85.59353705685993,386.7458536869393,12.114114180196273,7.00223569673435,1
38.550294721788106,76.69460053280423,554.5761684473814,17.78803103458379,4.561146173604296,0
39.07174382791995,83.28665681845499,398.631409590569,7.075391841311488,7.14098745737318,1
39.172500673901546,77.23429004940829,398.18985710112804,9.125211623451905,6.388075260583262,1
38.19143935635142,61.73403693229181,481.1092796007308,18.6361672616031,4.567873776094901,0
38.492421383656634,74.27633243916614,474.7533623780424,23.845905869410025,5.0776743985740875,0
38.56953529670767,70.7611968785895,446.92076239428275,18.038094591977803,4.502554287177289,0
38.74617490263095,66.69051310003526,554.6873445170181,21.90563611885382,4.937002855741701,0
39.47539029552389,81.35400716663936,395.5637383546432,10.601083415691667,6.807846663077596,1
38.544656182651075,71.61906770254056,503.32448556176377,23.53346966940804,4.360321575009591,0
38.21873650726563,72.31022784026267,490.879329125781,15.44947186584795,4.583378885474261,0
