cow_id,body_temperature,milk_conductivity,label,heart_rate,rumination_time,milk_yield
COW-2026-7804,38.307214823511856,5.104935267833363,0,73,498,24.365023823098113
COW-2026-3423,38.358725196728756,4.601525859258229,0,66,472,25.305526919024583
COW-2026-2032,38.76821805726859,4.644253557683747,0,74,464,23.803057857571922
COW-2026-7339,38.90241028060568,5.497519717325157,1,78,414,24.34109005594388
COW-2026-3940,38.61604384327423,5.091419186419399,0,76,463,23.106753602993617
COW-2026-6409,38.17485746659164,4.584249296902014,0,64,518,24.510823447611994
COW-2026-4132,39.07368962110064,5.550416932114827,1,74,380,23.410244258765033
COW-2026-8080,38.577514596767855,5.005824700659491,0,65,474,24.926461438070355
COW-2026-5942,38.32916562535636,4.833394136623345,0,76,509,24.110335047129386
COW-2026-7961,38.49309322927341,5.488791880248376,1,75,458,18.46731306936391
COW-2026-8730,38.415537372672745,4.589267584601853,0,68,479,24.01228949885567
COW-2026-1633,38.28455972348247,5.265812439295183,0,75,528,24.214728714390223
COW-2026-7822,38.34555804339014,4.8617182569982065,0,67,502,26.12039195888275
COW-2026-5103,38.60189275826438,4.935402354994093,0,74,453,24.7467588742757
COW-2026-7487,38.52512639525103,4.829658813522617,0,69,453,24.38603255802959
COW-2026-4446,38.80182993379167,5.127513151337589,1,76,443,27.6469824027393
COW-2026-6738,38.36577656766014,4.6615527118516304,0,69,474,24.581608356175355
COW-2026-4098,38.570949260537674,4.998771596696101,0,69,469,25.382095361531757
COW-2026-9097,38.554280050640735,5.017455737137387,0,74,445,22.055128703892354
COW-2026-6476,38.436280501056004,5.033491674837408,0,71,510,23.04115025633518
COW-2026-9253,38.526471076250616,4.334990838895634,0,74,497,26.97008875945939
COW-2026-6181,38.57664464451031,5.033350610027633,0,72,481,25.87679623660433
COW-2026-2817,38.69269173421186,4.876987830311104,0,67,431,24.43467889946025
COW-2026-9824,38.66390004633351,5.182469700564887,0,78,472,20.947946819720094
COW-2026-5887,38.61499763999408,4.941988621010565,0,70,445,24.155811913566662
COW-2026-3598,38.40030800240657,4.943017009449319,0,71,457,24.980160596311073
COW-2026-3653,38.68211779637522,5.016121898861427,0,74,444,24.71199839425316
COW-2026-2454,38.93420185238939,5.842138984525862,1,77,398,21.535227882209004
COW-2026-2138,38.522008684602575,4.636237560829058,0,73,466,25.17226329644876
COW-2026-6807,38.56537129131592,5.019185917195678,0,74,503,23.581045531363536
COW-2026-4192,38.47118385135647,5.200820824242239,0,70,509,22.45745429280124
COW-2026-7116,38.85380536305153,5.3580390714885375,1,80,411,24.838639089154373
COW-2026-4759,38.34557520853212,4.950054609434166,0,67,485,24.9266902450774
COW-2026-4029,38.35226076869707,4.600356260673598,0,69,503,25.212965955444783
COW-2026-6095,38.52350396386634,5.014073062474434,0,69,465,24.138728862484275
COW-2026-1063,38.28527615107997,4.492716945825213,0,65,506,25.036440996967848
COW-2026-2345,38.623308227761484,4.928559755913537,0,76,475,25.21065945822041
COW-2026-1974,38.63967799402612,4.875284411015742,0,82,490,27.585232839930725
COW-2026-5161,38.35115266651916,4.50735388874676,0,67,505,26.763078203183987
COW-2026-6962,38.43285400282167,4.8912355058885515,0,75,511,23.788453343875414
COW-2026-9649,38.42071887743469,4.783282277359344,0,67,460,24.027038033115684
COW-2026-7596,38.537706468189356,4.979453041453394,0,70,503,23.5545344634723
COW-2026-4330,38.427610389327775,4.444649079683854,0,76,479,25.579623609110925
COW-2026-2740,38.34543604880471,4.825573022711362,0,63,517,23.571813319955652
COW-2026-7055,38.66715011184979,4.887885668888953,0,66,440,25.672918022326392
COW-2026-7321,38.29121082639863,5.285956833343892,0,67,486,20.136786779755163
COW-2026-2954,38.51699875460586,4.863005583320015,0,72,492,25.25980468099633
COW-2026-1279,38.48053798726375,4.953952981604852,0,71,451,25.49960214385008
COW-2026-3391,38.377166759097555,4.537367899839421,0,70,510,27.34334771561698
COW-2026-7439,38.2605578734681,4.663663437206774,0,68,522,26.46396608351093
COW-2026-1961,38.55924566678329,4.835372720873911,0,73,479,23.637043576035616
COW-2026-7827,38.76245844643546,4.9168535612623625,0,59,463,25.854483028744777
COW-2026-2217,38.30396184224183,4.567767028189308,0,64,490,25.072537556711552
COW-2026-9566,38.26912966201466,4.848960930229647,0,66,527,21.744485525489296
COW-2026-7007,38.537176809769846,4.81532707549617,0,73,479,25.06222021133619
COW-2026-5130,39.2763228891909,5.709132859602409,1,84,364,21.8184788551768
COW-2026-2392,38.902167017520945,5.573800158913775,1,71,415,23.112802597104565
COW-2026-3076,38.58409928185138,4.907414120593583,0,76,463,27.456878899810924
COW-2026-9966,38.45917045461676,5.144670536897681,0,67,484,24.71913376649302
COW-2026-5316,38.4384417296183,5.008724281314228,0,69,457,23.157109282748955
COW-2026-7196,38.266309286747564,4.779679830345424,0,70,517,26.4450994983476
COW-2026-5589,38.80733414627494,4.843766499474374,0,72,438,25.066161250919404
COW-2026-9142,38.53243787509995,4.8501443852968436,0,75,471,22.799233413549228
COW-2026-7260,38.59573341800285,4.863471251231339,0,70,448,22.63551119593163
COW-2026-9471,38.6326974867085,4.847665184980713,0,68,485,23.583581593061613
COW-2026-8897,38.59817023395268,4.518990705165967,0,75,468,26.833635045603856
COW-2026-5841,38.28280392343642,5.113195171618577,0,64,538,23.4764616202295
COW-2026-8161,38.31834986455473,4.763070864653777,0,68,515,25.004606412164854
COW-2026-2059,38.51227909943821,4.682596688381683,0,64,468,23.320652633321444
COW-2026-2922,38.53871943742066,4.818283621523476,0,77,464,26.28443161468843
COW-2026-7101,38.526843166252306,5.211225862938973,0,74,495,21.15766610074136
COW-2026-5592,38.40934767678353,4.703477706125775,0,80,482,24.168168569142534
COW-2026-7349,39.00465459953507,5.304752804551985,1,81,408,24.317006571590404
COW-2026-3473,38.85165117471746,5.500089874570407,1,70,423,21.79089240720825
COW-2026-9108,38.38701288993213,4.518896984056938,0,71,480,26.198932478755793
COW-2026-9096,38.61661121489197,4.658326825101411,0,68,452,24.113882558802473
COW-2026-7748,38.484648786330986,4.754202591232054,0,75,522,23.20854187696902
COW-2026-5549,38.49551486828591,4.975971650649356,0,65,456,26.632345926134068
COW-2026-1594,38.81156628017034,5.324002222926991,1,68,430,24.0234110529033
COW-2026-6452,39.14428459325307,5.2411340315737505,1,71,417,24.536457109262127
COW-2026-1506,38.23346117599754,4.540950658547166,0,65,504,27.073470759165335
COW-2026-5889,38.60214270832184,4.681594448016881,0,68,457,20.906670370596864
COW-2026-8637,38.581618402989626,4.986585683412047,0,66,480,25.635708051077728
COW-2026-9212,38.74725903481506,5.161523601633639,0,80,416,23.002607983187307
COW-2026-2399,38.43887830122341,4.958638170794286,0,71,507,23.939197857943753
COW-2026-4201,39.04765495939188,5.964867531010628,1,78,405,22.6641127817397
COW-2026-8854,38.61631279274848,4.742622051951364,0,76,482,24.781750829537017
COW-2026-7763,38.70457559997904,4.770644201148744,0,71,478,25.751185901200092
COW-2026-8962,38.656951605382545,4.576679838693926,0,68,450,24.956077992419267
COW-2026-6190,38.64044384524627,4.898377435641924,0,64,489,24.98746714484772
COW-2026-6681,38.48813356224615,4.909005201725427,0,65,488,23.878818256652895
COW-2026-4678,39.099266432146166,4.9267309186598895,1,83,397,22.875608484456123
COW-2026-1336,38.4957298522017,4.92902150962391,0,64,506,23.74659094851629
COW-2026-2667,38.62704409477783,4.819024370175239,0,73,486,25.039852213550695
COW-2026-1909,38.76198020085129,4.704976012329194,0,76,443,28.014501814211997
COW-2026-9467,38.48503014426129,4.7273435655928155,0,70,493,27.352996870764642
COW-2026-9204,38.31185208634761,5.004270033801629,0,69,493,23.52192262348734
COW-2026-6122,38.503697967062266,4.820758100981139,0,72,529,24.9079060147656
COW-2026-9153,38.35808432117325,4.991983233084236,0,69,522,24.200976646056017
COW-2026-1973,38.66730392920138,4.576439396236562,0,79,449,25.446427040479843
COW-2026-5270,38.64580521901407,4.9869818357203535,0,68,460,24.70629890632724
COW-2026-2408,38.28119070107332,4.851215664166688,0,68,512,25.504981132955322
COW-2026-3288,38.62994598428144,4.662526906185564,0,64,472,21.100245648006283
COW-2026-9738,38.78892055901228,5.718269111930128,1,64,443,23.19357724759644
COW-2026-2218,38.638625818655335,6.042429053445881,1,72,438,21.56762390150094
COW-2026-2420,38.57471430036875,5.5282833219291705,1,73,467,22.28254677510537
COW-2026-4377,38.30703304749399,4.382224672842441,0,74,477,27.075604700024535
COW-2026-8501,38.72718615684969,4.532078516525556,0,81,469,27.99673349137299
COW-2026-5098,38.384215146932334,4.7512001217261215,0,74,478,26.073863006116405
COW-2026-3738,38.53900248539117,4.504137624826399,0,73,454,25.056464626122153
COW-2026-8619,38.28866395578537,4.867466881605248,0,68,509,23.38767875349711
COW-2026-2842,38.46630468671643,4.803296059919966,0,62,489,20.70533612839811
COW-2026-9938,38.75978296041543,4.705924582321327,0,71,462,25.5493668530363
COW-2026-3816,38.3677453853885,4.9148598427038195,0,74,479,25.90139929222815
COW-2026-1494,38.808400740992184,5.582359499206173,1,77,422,22.979568858049777
COW-2026-7560,38.66599206397634,5.520225550823124,1,66,472,24.627065868090703
COW-2026-6510,38.554097162500845,5.207260491640306,0,73,479,21.94106053961851
COW-2026-4444,38.701052534118865,4.6562879780112825,0,73,470,24.976159816251545
COW-2026-8543,38.558382399093055,4.98537641604229,0,71,480,24.24508426572478
COW-2026-8562,38.44145284683409,4.793740359075586,0,69,487,24.870637603322933
COW-2026-4994,38.49392012327806,4.636731329434877,0,73,480,27.212234290970546
COW-2026-8253,38.416748394995494,4.801085337372232,0,71,476,24.936172485932534
COW-2026-1045,38.428518559233474,4.427256800376243,0,66,520,25.54098961852921
COW-2026-3057,38.26651385015442,5.204816002893692,0,68,541,22.985578854435545
COW-2026-1663,38.48416553948531,4.720705277490207,0,70,482,27.085513036571044
COW-2026-5668,38.49876432394679,5.012509626654263,0,64,464,22.408390268320343
COW-2026-3029,38.46927017583768,4.616266498602356,0,67,492,24.58429596105324
COW-2026-6717,38.84615450390014,4.71618416004029,0,68,445,27.25815077783047
COW-2026-3696,38.1434264489427,4.518275583458968,0,71,485,26.367981423886192
COW-2026-9831,38.24623581967335,4.435477455443268,0,69,536,25.693741972656216
COW-2026-3663,38.50130498794272,4.903374234211653,0,69,435,24.760738005992213
COW-2026-3745,38.3557508030407,4.777856982997473,0,74,513,23.63051005720325
COW-2026-6004,38.59546332109253,4.616811677769917,0,71,492,25.43225151587679
COW-2026-7321,38.417018406761514,4.730782216640123,0,63,484,24.54220982484277
COW-2026-6125,38.682389323767545,4.877602986545956,0,69,457,24.99441684967023
COW-2026-5948,38.275995760282726,5.298160092543066,0,73,530,21.63537642076486
COW-2026-5402,38.64718795054153,4.6211260588916145,0,68,497,25.882151158528718
COW-2026-4427,38.49263800820901,4.449972414604683,0,70,476,27.032322877675895
COW-2026-6912,39.261010894820686,6.0711705696959815,1,82,351,21.547745159464483
COW-2026-1394,38.494479922717886,5.195767998368274,0,72,467,25.195397343551676
COW-2026-4597,39.044424764487545,5.576434844418923,1,87,360,23.662268396348935
COW-2026-1329,38.74193088365459,5.109544751853477,0,68,462,23.349624749223285
COW-2026-1772,38.947312439474,5.052134558696761,0,70,412,23.03200414224218
COW-2026-9135,38.47073056220235,4.519320304512534,0,64,489,24.54051995347066
COW-2026-2645,38.45574393434795,4.604134568118009,0,68,502,25.862819527891237
COW-2026-2787,38.80751132678206,4.547830510070982,0,77,432,25.59571037251215
COW-2026-1999,38.31076857195984,5.224455395442739,0,65,501,25.909593088742984
COW-2026-2848,38.37105802759108,4.915763544246677,0,73,474,25.879546181940633
COW-2026-2561,38.908776775879936,5.659812769948043,1,75,438,24.26049506399562
COW-2026-1773,38.55120683040246,4.427432677812254,0,65,490,26.295611421358345
COW-2026-8311,38.63243662794908,4.798795687299262,0,64,462,23.45965657956835
COW-2026-6179,38.94357118086943,5.575069549342756,1,68,423,23.032026819130568
COW-2026-2803,38.38113444760085,4.582141043198375,0,65,474,25.480766363071655
COW-2026-3050,38.269672621956694,4.583726661957086,0,66,514,23.57002768051298
COW-2026-1747,38.58967532677818,4.693246048091451,0,75,475,27.07372953735615
COW-2026-9125,38.47036959920572,4.963183673089845,0,74,442,25.994737029576566
COW-2026-6860,38.58937512761128,4.723940987194351,0,67,455,23.59566076372231
COW-2026-4973,38.61015824663422,5.168546095974324,0,72,469,23.343629924032204
COW-2026-2615,38.16129896165789,4.609640380549199,0,73,502,24.644742367748663
COW-2026-4754,38.527486907729916,4.89808766197111,0,77,433,25.4727546175189
COW-2026-6506,38.24742063124264,5.0550773875702255,0,66,531,25.161674376991737
COW-2026-5221,38.533458943657514,4.658603028605078,0,74,473,25.798798259284442
COW-2026-6291,38.41183270896306,5.160457568435099,0,74,441,24.826138125375852
COW-2026-6854,38.45018216765713,4.717247195981428,0,62,536,22.994217976730646
COW-2026-1216,38.61625061145357,4.708461575805371,0,69,486,25.512251737830606
COW-2026-2359,39.07076680523259,5.660358891595437,1,85,399,22.35786741973231
COW-2026-4774,39.20673613209548,5.600154287269901,1,77,367,21.753653617237298
COW-2026-6417,38.27463805097303,5.235476994213659,0,56,514,21.6628665973241
COW-2026-5927,39.006542038665316,6.176823270399735,1,75,416,21.487044703246205
COW-2026-5429,38.39494541142257,4.77349100129949,0,73,500,25.433978333901063
COW-2026-5606,38.37856388723034,4.978068427977306,0,68,480,22.208928181000143
COW-2026-5478,38.326013642582126,4.688847936506185,0,70,524,25.411627888536707
COW-2026-2896,38.690731235962595,4.746383609317995,0,75,450,24.97646007904699
COW-2026-8366,39.23130574374325,5.481779164634365,1,77,395,22.660552708534524
COW-2026-5427,38.48729703520484,5.273133722458055,0,67,465,24.48812994194003
COW-2026-6361,38.46046613756767,4.855659204087404,0,70,533,24.767511016971582
COW-2026-1641,38.51215740283614,4.829173392055069,0,71,483,25.237728223080758
COW-2026-6346,38.436406473148836,4.873110613208489,0,69,547,25.581133030332385
COW-2026-5729,38.251172804117815,4.42292726036519,0,67,526,26.350347902673384
COW-2026-4627,38.397768037286816,5.195038258428477,0,66,469,25.711032428605485
COW-2026-7594,38.177991207046915,4.833882454932949,0,69,532,25.222996243584234
COW-2026-9387,38.795676118852576,5.5238016127564205,1,74,467,22.30080905072493
COW-2026-4275,38.697564938119314,6.088795206127873,1,67,455,20.62949865867858
COW-2026-5050,38.51319960341337,4.8137607105939395,0,67,498,23.73071531759298
COW-2026-5553,38.32850936743994,4.398560919063398,0,68,516,26.096626354058408
COW-2026-5925,38.6806336738145,5.090107171855452,0,69,443,26.4451516970489
COW-2026-3304,38.37670577090935,5.096225858979367,0,70,484,23.716958022594298
COW-2026-4343,38.165902058726594,4.819679552363375,0,66,505,25.459391547969407
COW-2026-3056,38.54589796523955,4.820622801959084,0,72,462,23.617942977673607
COW-2026-3808,38.35210695354228,4.5727309701959005,0,67,482,25.734608729754402
COW-2026-8092,38.40939173942608,4.970775074955265,0,61,467,26.447190723368323
COW-2026-8226,38.902775618324206,5.572916607909996,1,65,452,24.217427861500557
COW-2026-1886,38.35351361992675,4.798299495871462,0,70,503,22.553834874714525
COW-2026-9584,39.23151083414395,6.015846145664927,1,79,381,22.71474451153493
COW-2026-8720,39.018466000369585,5.652514461047387,1,77,411,23.616821486591444
COW-2026-3446,38.23478375305591,4.309383315412408,0,67,510,26.24796374301757
COW-2026-4905,39.16128475632133,5.598278176240457,1,78,371,23.750049524501915
COW-2026-7474,38.41886017921377,5.1285907279699146,0,72,514,23.125875904086826
COW-2026-4591,38.18277819142431,4.715828137799957,0,67,512,25.19955657078206
COW-2026-3181,38.54487374654677,4.705787992377133,0,74,477,26.812735750553166
COW-2026-6011,38.31534708407053,4.634886623907214,0,68,534,26.809385148835347
COW-2026-6030,38.15863626983293,4.896479120987225,0,64,521,25.517498400555368
COW-2026-1354,38.728509326705264,4.868990167886169,0,72,474,23.577246579897942
COW-2026-3631,39.117376678893955,4.868294600674904,1,72,417,23.171191678149896
COW-2026-2521,38.49542619335633,4.841167371950902,0,68,488,25.10504505927389
COW-2026-3672,39.281172693045534,6.194510011769597,1,79,384,22.068528026564298
COW-2026-3337,38.99425635363715,4.981010132993776,1,76,410,24.232984205862234
COW-2026-7968,38.39067470558093,4.872593736890058,0,68,495,23.523444536481836
COW-2026-1628,38.5646952730679,5.220612220762478,0,64,463,24.732123115061757
COW-2026-8162,38.852141085586304,5.449276509636291,1,76,439,23.84151598238747
COW-2026-3679,38.57975939555444,4.322707031580798,0,74,450,26.379506840298472
COW-2026-6266,38.7473851710828,4.740322768458483,0,80,455,25.69918291332039
COW-2026-5422,38.4131665167353,5.287901973198071,0,71,454,23.369649115313344
COW-2026-8463,38.533128361384264,4.917852185153212,0,70,486,23.951456591653457
COW-2026-2126,38.60410120940324,4.865300853324517,0,66,478,26.638129710884858
COW-2026-2780,38.34254797749802,4.94229508053131,0,74,500,23.617736638200675
COW-2026-7571,38.26942075402594,5.03182874578193,0,69,515,23.709874191177306
COW-2026-9584,38.19443778827768,4.769197187481627,0,67,513,27.1382217251105
COW-2026-1825,38.565441866860745,4.5324958549967125,0,69,474,24.712020455023197
COW-2026-8276,38.48231683125009,5.643824622401709,1,69,440,22.78482813695024
COW-2026-3395,39.33051989761352,5.561772556883208,1,83,350,22.234472358359575
COW-2026-5145,38.61736185563648,4.979346663152625,0,66,486,21.86837546495768
COW-2026-8059,38.55468046460397,4.818694643184651,0,77,446,24.47607558632317
COW-2026-6492,38.648129201438564,4.3721411534028185,0,77,464,24.33054576172987
COW-2026-8111,38.52838615375328,5.180962886104264,0,69,459,24.771353801202668
COW-2026-7792,38.42404789683896,4.9880178954418355,0,66,483,25.823505512885966
COW-2026-4551,38.78094297271829,5.709194098188954,1,65,425,19.36242381568418
COW-2026-8711,38.31752405006433,4.930516771057176,0,62,484,24.228775620901573
COW-2026-4628,38.57379834811303,5.878751216783105,1,74,466,23.425877923827596
COW-2026-2565,38.74048144099154,4.6122198623992965,0,73,456,22.229841974710304
COW-2026-4667,38.488409621200894,4.866888245982729,0,71,497,26.884021450889062
COW-2026-7459,38.544280932922234,4.894525474370576,0,63,485,25.341461445628333
COW-2026-5096,38.60998587703382,4.78582743574247,0,69,494,26.87169752447851
COW-2026-2019,38.87944088290555,4.933342322475579,0,79,438,23.907063112191484
COW-2026-8928,38.93213496132919,5.62215064520814,1,74,442,22.164624674206788
COW-2026-9254,38.89449867267973,5.4285250096320405,1,69,403,23.410385282007038
COW-2026-6965,38.64131320739656,5.015541563417609,0,70,488,27.576021519613718
COW-2026-3269,38.7959854297239,4.66700949619499,0,69,462,26.989935076241323
COW-2026-9835,38.66940801959359,4.6105507438446525,0,73,461,25.35307978136437
COW-2026-5721,38.48663698363053,4.832582438150563,0,70,482,25.25993293281483
COW-2026-9408,38.8433326891963,4.679539679185682,0,76,409,26.274114832567474
COW-2026-1195,38.646095113512,4.945748037023498,0,66,442,28.414087993538192
COW-2026-4273,38.37244775889364,4.876380603636796,0,67,524,25.511291462849808
COW-2026-6110,38.353451290705806,4.917950136886879,0,72,495,24.790033941002225
COW-2026-8401,38.35448617966419,4.7405225017532375,0,62,498,24.843098248980894
COW-2026-4212,38.387857592675076,4.707478792268098,0,65,467,25.586223471935106
COW-2026-3755,38.419174234328146,4.816746863376845,0,69,469,23.819502907475083
COW-2026-2521,38.4187469081819,4.850006925997857,0,69,494,25.317430727725156
COW-2026-6674,38.65827490243559,4.846074958031261,0,68,465,22.991655201755663
COW-2026-2080,38.72598582366753,4.8597079140169654,0,71,453,24.010933372567678
COW-2026-6623,38.49011864471688,4.935771779603796,0,72,476,25.722371701939682
COW-2026-1721,38.69133498084354,5.082030054136347,0,75,506,25.444969044916167
COW-2026-2562,38.51355887664583,5.114780185348303,0,65,478,23.610959295413867
COW-2026-1639,38.57925387896504,4.931735648763552,0,71,507,24.28091554837039
COW-2026-5260,39.19627050411125,5.6164159653036245,1,84,409,24.17506980344862
COW-2026-6190,38.34131321564917,4.731464018136589,0,68,511,23.679211524250036
COW-2026-4736,38.67569094037293,4.7624081048067834,0,68,442,23.529854840254938
COW-2026-8746,38.47476013593806,4.798518241563428,0,64,467,23.746212850292864
COW-2026-1089,38.608399231273395,4.978993865367402,0,70,478,24.536386593586165
COW-2026-2251,38.60634271638139,4.7392208118229275,0,75,479,23.231243318946667
COW-2026-5703,38.442327286445746,4.671494827597904,0,69,523,26.721041108433443
COW-2026-1348,38.520002306254725,4.871389840366698,0,71,457,23.240434528702593
COW-2026-5052,38.40316305030377,4.6309852314929865,0,65,481,25.95033724418319
COW-2026-3941,38.58127982388512,4.883334941422692,0,74,449,23.912921263747723
COW-2026-9437,38.297689209185734,5.0548515921857735,0,62,496,24.369014191207732
COW-2026-1271,38.75460892422377,4.624934069947247,0,69,471,23.008421312531816
COW-2026-3030,38.55546320468437,4.88470338236905,0,73,454,26.38257978830168
COW-2026-8836,39.05210693178363,5.9788657952761515,1,69,374,20.60768996812097
COW-2026-8041,38.52095849741639,4.7126687747099165,0,71,485,23.600493011241745
COW-2026-6175,38.35379337210158,4.8931060279409975,0,64,503,28.341746369346147
COW-2026-2126,39.284823255815745,6.01492333336752,1,79,374,23.38632657111022
COW-2026-5379,38.22588687667667,4.743069450931182,0,65,497,26.746432382293044
COW-2026-9708,38.55845729543488,5.062683465796722,0,78,503,25.548840013430947
COW-2026-9052,38.59046632186219,4.7505204798212155,0,70,459,24.44335747766572
COW-2026-1611,38.5780687910518,4.902309722787232,0,78,516,22.7221393129765
COW-2026-1749,38.639167900003095,4.743406972616626,0,72,477,24.47841257564485
COW-2026-2856,38.15693173856909,5.118169322818069,0,62,485,23.057983915490993
COW-2026-9591,38.57674719141188,4.692195761929262,0,71,424,23.711300855095246
COW-2026-2526,39.16100923533794,5.19495820736696,1,75,412,21.99973563960539
COW-2026-7229,38.93276534646408,5.8024878291443,1,75,454,22.462256700678434
COW-2026-9511,38.455451686193264,4.80686332785173,0,66,474,27.52029187538593
COW-2026-9527,38.49745212562372,4.438696796110236,0,76,520,26.422261597569353
COW-2026-3098,38.780291182142896,4.7197169138733415,0,77,473,24.953630993220944
COW-2026-8865,38.612064585699734,5.009747459834921,0,71,468,24.419189847086734
COW-2026-1173,38.44480817907902,4.690366294049993,0,76,495,20.582920093143922
COW-2026-1500,38.96089173956235,5.734875237415714,1,75,434,21.993193453244857
COW-2026-4646,38.28742025924204,4.643154938439851,0,71,550,23.21918978995409
COW-2026-7219,38.52867006934393,4.77390907413695,0,71,480,25.428232816517053
COW-2026-3363,38.55375327849854,4.329911033881614,0,71,487,25.367908074496263
COW-2026-8540,38.548504890325226,4.555289333920096,0,70,489,24.195235907782834
COW-2026-2896,38.61550979538277,4.772578558283776,0,71,472,25.487325930577647
COW-2026-6759,38.492190760921524,4.624356720720991,0,70,501,25.706522912371256
COW-2026-2778,38.71591589843331,5.97458408726443,1,69,424,24.595733093448967
COW-2026-4057,38.33656987588289,4.776665784962643,0,67,498,26.239719659218025
COW-2026-6190,38.57239581674636,4.592876379366858,0,70,478,25.626565215236198
COW-2026-7997,38.50096396957173,4.523792024298188,0,71,470,24.401427663001357
COW-2026-5747,38.75477950887463,4.991280958947916,0,71,478,22.931677483987528
COW-2026-1045,38.842022632992446,6.043213496184576,1,78,471,23.243850537052072
COW-2026-8758,39.16984133101603,5.742306786544758,1,82,380,22.504561891476342
COW-2026-8053,38.60156488595701,4.997541607847535,0,68,504,24.984867848606594
COW-2026-4201,38.491500543257786,4.70411160523774,0,75,509,26.840606625831253
COW-2026-1455,38.58440716495452,4.896219229766655,0,78,469,22.583512871203972
COW-2026-3924,38.515719155972164,5.023498327817329,0,62,459,26.625167483549383
COW-2026-8798,38.39582080225318,4.260488072019264,0,72,500,27.74959382649595
COW-2026-1965,38.60475794191645,4.879748091601008,0,68,423,21.826064015420013
COW-2026-5964,38.38455877946788,4.835161262401344,0,73,434,28.631428853417646
COW-2026-2528,38.421716303713694,5.244363550892472,0,73,505,24.583221215197423
COW-2026-3976,39.087409163908745,5.807114483434046,1,74,342,21.952229704701157
COW-2026-4071,38.640453279047144,5.320340919129934,1,64,431,24.779353766812967
COW-2026-5869,38.816890103138796,5.058732483174732,1,76,433,23.11153526131585
COW-2026-7387,38.43211872487058,5.4214632146009745,1,69,473,24.391238076108046
COW-2026-3521,39.4074538424559,5.496876639301342,1,74,348,21.838831554310936
COW-2026-7525,38.61755784431586,5.72608869562329,1,82,478,25.48666389958186
COW-2026-2126,38.8518401381472,5.973588699734196,1,75,450,22.10655166087184
COW-2026-7632,38.40069149062693,4.6372691802629715,0,71,480,26.39091236466135
COW-2026-6773,38.27988186627529,5.43217674533234,0,73,530,22.520060793431593
COW-2026-8716,38.55332716386258,4.544199833072986,0,68,445,26.308303075998463
COW-2026-4404,38.25769695280234,4.604527772833207,0,68,510,25.263169220115195
COW-2026-5492,38.37500114854299,4.496452150323954,0,62,478,23.60224787881423
COW-2026-3343,38.51444531895979,4.574650801463558,0,67,484,25.005857390782197
COW-2026-1106,38.525010549330624,4.469346313946738,0,72,463,28.563679350752906
COW-2026-4154,39.07978783008459,5.333887473883833,1,69,425,24.85391443517829
COW-2026-5053,38.49513074788874,4.7742106676162095,0,67,493,24.306845554784882
COW-2026-5801,38.407853246757426,4.856711443646998,0,65,472,21.899987883898007
COW-2026-7139,38.27082381591514,4.965574595193216,0,67,499,23.609973257409905
COW-2026-6580,38.60976709671341,4.826900254943218,0,73,460,22.945902024622658
COW-2026-1214,38.42642295687622,5.938836519772634,1,71,535,19.538185359866567
COW-2026-6400,38.19734035118188,4.523309583487547,0,70,555,26.863288185037494
COW-2026-7875,38.56102489535362,4.607512677330656,0,76,452,25.777020443777957
COW-2026-5289,38.65818109375353,6.029215036957402,1,74,474,24.789184743716962
COW-2026-5253,38.816646072051455,4.892309787481971,0,80,412,23.3924702659867
COW-2026-9656,38.603245727930734,4.596811705584759,0,71,454,25.373716522870982
COW-2026-7247,38.5723927017766,5.176937743456089,0,69,454,21.87798668406143
COW-2026-7177,38.99042951828447,5.555286790283318,1,77,437,22.431099002288814
COW-2026-8269,38.496749180785855,4.655452355040448,0,68,457,24.924857421209808
COW-2026-3372,38.5201786972489,4.648670857527577,0,77,483,24.558637077210694
COW-2026-7834,38.44721397739555,5.033550352226387,0,73,488,24.389231450404488
COW-2026-9783,38.297248619965714,4.78637084060128,0,70,504,26.8033683798177
COW-2026-7617,38.51849648744054,4.875328032987134,0,69,524,26.004298962835676
COW-2026-6150,38.40546319371367,4.690669309408515,0,67,525,24.184855808739105
COW-2026-9102,38.15623573649726,4.988423620659901,0,69,518,24.360272180480482
COW-2026-5158,38.65776022323358,4.731686688817714,0,67,450,26.514612951291955
COW-2026-8727,38.5462144059216,4.870251001472789,0,76,442,26.48533709560289
COW-2026-6206,38.49032071785328,4.890836099908293,0,69,482,23.482937775014964
COW-2026-1303,38.60499267010937,5.030862219489309,0,72,501,25.538697530894282
COW-2026-1333,38.98020690108807,4.7122576585508575,1,72,410,25.379558239944696
COW-2026-5506,38.48442174472324,4.948492009863358,0,72,497,22.91897274554743
COW-2026-3331,38.58586800833498,4.794079894920381,0,68,446,26.212750423251176
COW-2026-5561,39.02694710172237,5.630912451822396,1,78,398,23.51940686618521
COW-2026-1079,38.86000377313392,5.531447270440893,1,77,439,20.622878407427816
COW-2026-4763,38.48846191305197,4.766976495746937,0,66,487,24.488361202112994
COW-2026-6196,38.52706873089055,4.496708698445953,0,65,498,25.754572545759256
COW-2026-1732,38.84596130914674,5.511077082082382,1,80,412,22.498409931456155
COW-2026-4976,38.35133467097462,4.712027455864048,0,68,457,26.911570630239673
COW-2026-6659,38.896084101266005,5.003616579760337,0,74,458,26.607056986216612
COW-2026-2384,38.873688149863916,5.752617460857415,1,76,413,21.940110853877716
COW-2026-3124,38.64779434121097,4.919550290918012,0,66,467,23.77972215957193
COW-2026-7652,38.52059618342457,4.830020539473921,0,72,486,24.629896049080664
COW-2026-6283,38.52252069549376,4.618888818508814,0,70,440,24.829400224200334
COW-2026-8176,38.68463857103954,4.99417173634995,1,69,476,23.19130242219205
COW-2026-7605,38.406557037959885,4.83815475918211,0,64,474,19.324911110195615
COW-2026-6707,38.52466110689626,4.570071765420055,0,72,483,28.19357882418057
COW-2026-3292,38.1977641350702,4.698560361899057,0,70,516,25.305518397826905
COW-2026-9376,38.42563669536125,4.868444440234858,0,69,524,24.543928894574126
COW-2026-1997,38.57985325334771,4.992741079741619,0,65,489,25.471751620545042
COW-2026-5664,38.45730921990759,5.073821005341576,0,64,453,24.229042732499465
COW-2026-3357,38.61811926577802,4.93543539145875,1,70,502,23.740645183161632
COW-2026-6491,38.55098225729353,4.8077071403090335,0,77,454,23.248280198498975
COW-2026-2679,38.449839264340014,4.595187008682057,0,68,529,22.75417424742106
COW-2026-6715,38.376222454953385,4.7823946472045975,0,65,509,22.925359663545223
COW-2026-5886,38.63703312581626,4.293374634542065,0,64,455,24.345856334146927
COW-2026-8440,38.97154543150213,6.5,1,74,391,21.662582808421547
COW-2026-7821,38.70685292482787,4.587500222845206,0,67,438,26.609339317157108
COW-2026-4527,38.34224991060067,5.282105818013686,0,63,557,22.791175544964972
COW-2026-7813,38.19316616058259,4.738042808409654,0,67,513,20.976193826895354
COW-2026-3745,38.66484049771356,5.125493348230903,0,69,456,24.116402147493922
COW-2026-5090,38.42642731306819,4.757305220285791,0,75,492,24.79294690361567
COW-2026-7158,38.38361611352863,5.135787936900462,0,72,483,23.556853669284774
COW-2026-9561,38.52047792861949,5.186163764708999,1,68,505,25.284105856370175
COW-2026-8471,38.388585632111784,4.595715436721173,0,65,461,25.575743909504162
COW-2026-4743,38.48776801762022,4.433442041691287,0,75,473,24.20899367198473
COW-2026-8008,38.41088787292602,4.595498697579162,0,75,511,23.717088230648255
COW-2026-4324,38.412040176490095,5.022727347249034,0,60,492,24.255496593367113
COW-2026-9632,38.569519690038184,4.360763577924571,0,70,492,25.064652167030577
COW-2026-4257,38.43343908316232,5.083138369278488,0,67,524,23.886301294575397
COW-2026-1226,38.47235082552717,5.2722068284639905,0,73,490,25.532519442839636
COW-2026-3401,38.534579500259326,4.537281178221138,0,77,483,23.619985996608087
COW-2026-5718,38.85436832271792,6.067534904589544,1,71,477,21.910445817772242
COW-2026-2024,38.370112971210915,4.641500416507749,0,59,493,26.68535632475885
COW-2026-6672,39.337747328785895,5.316821592669678,1,82,354,23.194478647419697
COW-2026-8727,38.364424634971485,4.8176155475681774,0,73,500,26.16593219956969
COW-2026-6280,38.834149844933656,4.3898540769757775,0,72,431,25.33068471421869
COW-2026-1870,38.57542743162519,4.604865874383529,0,68,441,25.59443827016509
COW-2026-4199,38.942195638120936,4.906911872127499,0,72,393,25.477494645105175
COW-2026-2745,38.56242982298622,4.842325915559271,0,74,477,23.6728544396173
COW-2026-6270,38.83891070540698,5.496584279008652,1,71,427,25.98039453970043
COW-2026-9635,38.152740745740644,4.781156829941755,0,67,561,26.157210727472204
COW-2026-6886,38.89779269434656,5.443920938890997,1,75,412,25.369087676762433
COW-2026-6590,38.401355991313196,4.749094414598726,0,68,487,26.60135960961946
COW-2026-8897,38.600560847823374,5.118501682857856,0,73,489,24.71987892764118
COW-2026-9664,38.28642938683225,4.7171612574012185,0,65,514,27.41967625753861
COW-2026-9271,38.82786697699249,5.482618940595501,1,74,409,23.80027829354666
COW-2026-6158,38.20059809859947,4.894668507171679,0,69,511,23.4461787722373
COW-2026-9431,38.48599825135047,5.22339943214175,0,65,557,23.758762634407635
COW-2026-1589,38.46040822372822,4.84122301659233,0,65,497,23.509360749632222
COW-2026-2884,38.52958797363168,4.726604900195055,0,65,494,22.15901377104768
COW-2026-6399,38.36232363120027,4.562198880735501,0,72,475,24.046895637218686
COW-2026-9503,38.50503884583002,4.762691707550407,0,68,477,25.005130895482537
COW-2026-2076,39.0714912888507,5.566512412675113,1,72,431,24.637856686372047
COW-2026-8235,38.33205718716765,4.9857013961519945,0,71,529,23.257182951641585
COW-2026-7837,38.42508625112053,4.55929474292649,0,66,500,27.127392798435416
COW-2026-1033,39.2597004754027,5.403737815355771,1,75,370,21.40276622156377
COW-2026-2841,38.862764248844,6.268762961653831,1,73,425,19.957174450756945
COW-2026-5481,38.87451030631055,5.876204110291995,1,80,407,24.3397504903906
COW-2026-9440,38.45637698916427,4.456386705034685,0,67,471,25.697201242038965
COW-2026-2134,38.6724863695567,4.9464890955455765,0,74,474,24.371145133526817
COW-2026-8261,38.57516819860827,5.282020537607163,0,74,468,24.125269914906294
COW-2026-6298,38.419861054531296,4.819182378681941,0,70,507,23.302777824869274
COW-2026-8017,38.40701813475072,4.507199043961121,0,73,489,25.06353652378377
COW-2026-8771,38.583530230889345,4.780081743102342,0,66,487,25.10082146682969
COW-2026-9567,38.48330977211079,4.907453855817146,0,65,476,26.264701727040563
COW-2026-9915,38.192404345370655,4.743974621318012,0,62,498,22.57946660231036
COW-2026-2913,38.357233777569334,5.088245451914356,0,68,523,27.016607410276897
COW-2026-5297,38.594088625984384,4.259571601470609,0,66,478,26.27370363425974
COW-2026-2942,38.58427068651007,5.138620769176213,0,72,472,22.59858046280268
COW-2026-5004,39.16624005157979,5.643118778944909,1,79,392,21.115626137886206
COW-2026-2331,38.827867271064264,4.580606423994963,0,77,443,25.86904994874841
COW-2026-8890,38.5603308883445,5.024584771656391,0,72,473,22.516868938440826
COW-2026-5588,38.752645431837834,4.923535441056644,0,70,429,24.224725032227067
COW-2026-1337,38.4314962604782,4.968686078837902,0,71,465,24.11000368166738
COW-2026-8066,38.60534323676369,4.682078018445141,0,66,456,27.28635816617399
COW-2026-8813,38.560012404537396,4.881520461422753,0,70,489,26.49917362644742
COW-2026-9983,39.08169005603424,5.425959063728272,1,78,394,22.41734906903231
COW-2026-4611,38.22546819028222,4.96615692812303,0,68,488,24.229007824125517
COW-2026-4700,38.58492929507263,5.192278459546735,0,71,495,21.64990697280299
COW-2026-7118,38.63258987942432,5.280665374047581,0,69,470,20.903726293821787
COW-2026-8105,38.72803137115773,5.001840563569222,1,77,428,22.73234684599472
COW-2026-3673,38.484972284055324,4.464888117615151,0,76,491,27.4274262285072
COW-2026-3122,38.6405594870032,4.726721756345735,0,64,477,25.93690609211543
COW-2026-8082,38.30261456826714,4.970193457407229,0,62,498,25.28410554216061
COW-2026-9250,38.63896521003689,4.6328815564166,0,71,471,22.844859834018894
COW-2026-3062,38.52495691887221,4.748555352225556,0,68,495,23.787926311959374
COW-2026-2254,38.76293953095509,4.570083602993682,0,81,414,24.207564011307525
COW-2026-4688,38.38248862710552,4.981274169295396,0,69,496,24.05500130089686
COW-2026-4748,38.48597451998687,4.824681766406165,0,75,492,24.65822093459711
COW-2026-7342,38.41773181122459,4.855002021114968,0,60,487,23.300322022245382
COW-2026-5130,38.758411508840645,4.7020835648398505,0,75,437,25.92566249583268
COW-2026-5257,38.60259894492099,4.422609950264088,0,68,444,25.965351188002003
COW-2026-4029,38.50561939490267,4.775225432087296,0,67,466,23.83632222790498
COW-2026-3846,38.44200303977934,4.92999203695511,0,67,496,25.132277370526868
COW-2026-9662,39.00005192193214,4.8418280737384825,0,69,404,26.590403494250765
COW-2026-5035,38.22904672666257,4.860900080237044,0,69,482,27.128648246187602
COW-2026-3899,39.06664194938445,5.702128479799075,1,78,380,23.297754319338388
COW-2026-5443,38.49032469977434,4.554577991774654,0,71,469,26.2118548786768
COW-2026-5789,38.58833835211912,4.93972435046495,0,75,479,24.391950684977232
COW-2026-1912,38.65673209783737,5.414873125915814,1,77,477,24.5676743806418
COW-2026-5242,38.9023273168577,5.9446885807043195,1,73,443,20.60973842160798
COW-2026-8541,38.77824259081356,5.095810660752658,0,74,430,25.784038286369587
COW-2026-2711,38.396130870047195,4.5361092500841504,0,69,498,24.96158762898277
COW-2026-9866,38.41267056605161,4.819688527849193,0,70,445,27.12417933152261
COW-2026-2439,38.4310369014445,5.348442610875249,0,71,487,24.809735046673417
COW-2026-6613,38.24575866430227,4.653115455670734,0,72,533,25.397377673759745
COW-2026-4630,38.569980774423534,5.101396610207481,0,69,459,23.98117145571906
COW-2026-6375,38.63145900478393,5.60643584516457,1,65,467,23.97052153178613
COW-2026-8103,38.57213022270984,5.25051377587774,0,68,436,24.950311105357233
COW-2026-9877,38.54384665998137,5.076624088247794,0,73,458,23.7146320865934
COW-2026-5216,38.48895617137651,4.450644314965094,0,69,500,25.92970504914538
COW-2026-3466,38.37069399512172,4.5649829521532785,0,67,501,27.12983543283449
COW-2026-8824,38.90692044563748,5.003131553311553,1,70,416,22.409646102710838
COW-2026-5124,38.6478847170894,4.765278428296964,0,72,472,25.99001752848437
COW-2026-1965,38.66836588448805,5.237477816808675,0,73,468,24.58011407491989
COW-2026-7928,38.32299468941704,4.961364664489932,0,69,486,26.43902546852908
COW-2026-7096,38.44172995654412,4.8813051395581475,0,68,477,23.6333374386676
COW-2026-7157,38.430614311619145,4.775750944792731,0,69,478,24.994201717671928
COW-2026-9120,38.492122274396394,4.820534756142327,0,71,450,25.050802510722484
COW-2026-2508,38.773299896748746,5.275017407878388,0,74,465,25.207724559344943
COW-2026-1871,38.90192332732865,5.526649923942696,1,70,408,23.758525239947268
COW-2026-1863,38.6159102329885,4.551191275006085,0,72,447,23.62038697014333
COW-2026-4055,38.28359556405557,4.687054207703123,0,65,486,25.597905968713537
COW-2026-6133,38.34140549922297,4.391615590888604,0,72,449,29.18780937917653
COW-2026-3682,38.60121854267342,4.683805398877377,0,71,480,26.322762582449165
COW-2026-6278,38.3047240365346,4.714555845288265,0,71,515,27.570309862755664
COW-2026-6448,38.75811515835141,5.097893112983212,0,71,466,25.82632189107927
COW-2026-1613,38.535941954070424,4.618971990112519,0,69,469,27.55151381264681
COW-2026-2872,38.497273830781594,4.735641954470683,0,75,478,25.48503196679923
COW-2026-8723,38.41523163735084,4.665226417602083,0,71,476,25.811577062934965
COW-2026-8189,38.32949056495472,5.15350523289987,0,65,489,24.602521036598635
COW-2026-6386,38.67074124894004,4.8002360200449194,0,75,480,24.87617441466233
COW-2026-7942,38.64564128755835,4.6369493981394525,0,68,472,26.608988644831808
COW-2026-9759,38.54544797255841,4.95739098591437,0,71,479,23.88922495515278
COW-2026-1244,38.61193201906819,5.008977470502368,0,78,456,27.31678825801713
COW-2026-1020,38.55787140516624,5.066061786223688,0,64,504,22.857600653150435
COW-2026-9585,39.19550721135942,5.703964969548027,1,77,348,23.830384111502507
COW-2026-6767,38.514658959654106,4.562008292237492,0,71,457,27.43530291435441
COW-2026-4515,38.58909047956885,4.907980195379039,0,74,474,24.34216728973398
COW-2026-2910,38.402490454206735,5.177757043833588,0,63,528,22.49990442601882
COW-2026-9481,38.42183154794699,4.894169649699668,0,63,481,26.77743540809916
COW-2026-6882,38.787159229228614,4.983994436160791,0,77,426,25.095326743121866
COW-2026-9552,39.33316885384278,5.59242094107829,1,76,386,24.268006359441866
COW-2026-9076,38.41312512389967,5.039529569260368,0,65,503,24.516452990729434
COW-2026-2622,38.70404925493354,4.682999532030129,0,78,473,27.829024667836116
COW-2026-5314,38.673752683511346,4.266138146808298,0,71,435,22.900933218166717
COW-2026-3453,38.55102153404367,4.937133816368282,0,70,505,25.605606669846953
COW-2026-3015,38.225589866154166,4.770056950828609,0,66,478,27.194043505847226
COW-2026-3800,38.5716399154905,5.141095447953145,0,66,462,23.99834379725325
COW-2026-9772,38.415420113007976,4.8942299190148795,0,70,508,25.52977295771564
COW-2026-7752,38.3444198672546,4.882326952709,0,70,500,23.994480402355233
COW-2026-8453,38.3994190686489,4.713736584616057,0,69,518,25.14151484871476
COW-2026-3853,38.55541853701465,4.888527344778502,0,70,435,22.47517334616593
COW-2026-3236,38.546073151451544,4.866138800247434,0,69,478,24.029347423183218
COW-2026-5176,38.73985533755641,4.655613867481222,0,76,470,23.98068483495535
COW-2026-3155,38.47951150969895,5.087723609384841,0,68,489,25.5785751154872
COW-2026-6698,38.48253801547837,5.146793507414859,0,70,452,23.45080895181314
COW-2026-7829,38.14204442661132,4.753701472303278,0,68,543,24.142083231944348
COW-2026-9537,38.78941667087326,4.770943383081483,0,73,436,24.45657524901188
COW-2026-2886,38.851763321024464,5.163910411721721,0,79,428,23.270484096237432
COW-2026-7471,38.4021326427004,4.782457040505418,0,61,474,25.135278482107342
COW-2026-9746,38.456570671908345,5.078155304961706,0,69,494,25.14720181692354
COW-2026-4770,38.457434186331945,4.91154263575971,0,67,484,26.12795270575067
COW-2026-9391,38.28787809919399,4.535626226796708,0,64,480,26.741887708894282
COW-2026-3940,38.57476323570454,4.923317479096153,0,68,458,25.547182057450872
COW-2026-4490,38.8874041114322,5.062178136204098,0,74,417,24.245129754986085
COW-2026-8899,38.64919836678088,4.896028320239728,0,71,451,24.593858294034842
COW-2026-1306,38.50624681166506,4.79556444681152,0,63,483,23.581226429444982
COW-2026-4075,38.37163216343324,5.057808558392347,0,66,498,23.14405402812431
COW-2026-2656,38.52146331409603,5.326181533662345,0,71,483,24.350813579798597
COW-2026-8244,38.56538965971916,4.7523975118024815,0,66,483,23.882873243123676
COW-2026-7611,38.4258534191458,4.829223180010091,0,64,522,27.178056164871087
COW-2026-7322,38.57223914315179,4.369525808402208,0,62,476,26.220709332839238
COW-2026-3692,38.48525396744366,4.675012839345456,0,66,501,27.161574381387457
COW-2026-2764,38.70498866533799,5.4387835150076205,1,68,439,24.42640284007728
COW-2026-1275,38.7055082884048,4.625433778062486,0,68,472,24.052874498454138
COW-2026-6271,38.54180763184198,4.944483345424668,0,69,465,24.584188626556735
COW-2026-8331,38.89299231774088,5.785742017507133,1,72,429,20.25433541473396
COW-2026-6025,38.64835646277153,4.539014003461119,0,66,438,25.460266884757143
COW-2026-5050,38.533066415443905,5.104170504321183,0,61,483,23.368092904977843
COW-2026-9080,38.40968135985573,4.828741645182856,0,70,470,23.665624671646135
COW-2026-4460,38.43260794774158,4.997418701615616,0,72,508,26.68301318384986
COW-2026-4835,38.59338598453347,5.032653378117347,0,69,482,26.07958619553989
COW-2026-5278,38.79421726550309,5.472105833279126,1,72,425,25.09135115108576
COW-2026-2844,38.447200577999176,4.623128919639083,0,70,516,26.296755606236715
COW-2026-1071,38.4516157560323,4.898809394286681,0,76,477,23.052116899801376
COW-2026-8386,38.57956861208353,4.8720085566773355,0,65,432,24.42401261561596
COW-2026-7862,38.701566356464916,4.881173398623656,0,70,437,24.415535085223382
COW-2026-8340,38.33486746278168,4.582995836451181,0,60,485,22.995229336164673
COW-2026-8635,38.386749832898985,4.610718087805013,0,70,497,24.437620581860255
COW-2026-2043,38.405367428233355,4.971672248246793,0,68,471,24.0299570866647
COW-2026-4042,38.40580585447898,4.897043396495813,0,70,475,24.95329064304924
COW-2026-1814,38.86322169109087,5.043180222942807,0,75,434,28.00985476047578
COW-2026-6622,38.78373713631978,4.545956951020737,0,77,438,25.540158041458135
COW-2026-8332,38.59087556763071,4.72329708472271,0,72,472,25.455206068314663
COW-2026-1309,38.520400287401934,4.839201639688736,0,73,480,24.214443500255104
COW-2026-7661,38.53972370505846,4.857238733360797,0,66,466,25.967058557195447
COW-2026-5227,38.35266913212872,4.482287689286992,0,73,464,24.100029520402256
COW-2026-2877,38.86757061532149,4.422034066454691,0,71,418,29.05617637286738
COW-2026-3486,38.63986082466702,4.846361849615301,0,67,482,24.322878445303974
COW-2026-7886,38.48199288302859,4.983760217207476,0,71,476,24.13556623593521
COW-2026-5835,38.69768697690483,4.9738946790960075,0,73,463,26.30373787787618
COW-2026-1794,38.50931538891876,4.966137714875039,0,65,466,22.88085409731555
COW-2026-7786,38.391198527720995,4.716103863949814,0,67,518,25.94518031754705
COW-2026-5014,38.42231450531409,4.645892410035337,0,74,445,27.850204067617994
COW-2026-8392,38.63793206697263,4.654585925849344,0,65,461,24.82064661705154
COW-2026-6353,38.701628995811106,6.5,1,77,483,24.264440083588582
COW-2026-4407,38.59994675114132,4.58304460887776,0,68,515,26.14765776009345
COW-2026-1974,39.387922918908366,6.299025401376177,1,70,355,22.271487367053624
COW-2026-5237,38.78088107156742,5.068328463605293,1,66,425,26.373298096315207
COW-2026-8248,39.1095841727733,5.683288264794983,1,73,425,25.19624261645411
COW-2026-5369,38.34563528570226,5.1559380015014575,0,66,494,24.595505947997083
COW-2026-9050,38.55774557085745,4.825221478299811,0,70,470,26.236433751261693
COW-2026-1464,38.08583533893055,4.547410668982635,0,54,517,27.692453770758984
COW-2026-6327,38.835840836477196,4.7713801096012745,1,75,403,23.125998322689206
COW-2026-6415,39.32013349958757,4.654684807006812,1,75,375,22.978586455882272
COW-2026-9115,38.379202071409935,4.564089192623017,0,74,509,25.629056670450165
COW-2026-1287,38.318250087683175,5.10770440904119,0,67,502,21.62341867939117
COW-2026-4195,38.40751758434289,4.737648367824304,0,71,496,24.80415993246078
COW-2026-2992,38.33764085488116,4.820780565971897,0,72,487,25.57339717638719
COW-2026-8450,38.50468379587473,4.902614696361551,0,74,452,24.177658701317167
COW-2026-3925,38.4740371976561,5.0317184121263985,0,67,473,24.320450472224827
COW-2026-2120,38.90425093538813,5.125414783900186,1,71,411,22.573356124714476
COW-2026-6310,38.85359968478486,4.630179301384886,0,72,410,26.76717373381156
COW-2026-1446,38.8745212438082,5.197611399116064,1,76,445,22.37229653424168
COW-2026-7627,38.396989058865486,4.525911202713436,0,66,468,22.6532133113702
COW-2026-3896,38.498368647061206,5.134637841170444,0,68,510,23.765638178332154
COW-2026-1721,39.03491861202804,5.444614741959791,1,77,413,24.89373351966799
COW-2026-3163,38.592751384167286,5.02237812202415,0,67,475,24.36804703694089
COW-2026-4980,38.35082263866683,4.999757990084394,0,63,541,22.760643278141355
COW-2026-5502,38.33593752401927,4.887212895604617,0,67,474,25.13102071511995
COW-2026-2725,38.624676891720156,4.853742244289187,0,72,465,25.61654087787874
COW-2026-9885,38.69954942127593,4.384684275955194,0,74,443,26.212170094080246
COW-2026-4413,38.5853375696505,5.022948475050925,0,73,524,24.406464709969935
COW-2026-1494,38.65024275425885,4.786141225146418,0,66,456,25.968432333295862
COW-2026-1947,38.707485264442745,4.69094476037983,0,68,449,22.836105734670834
COW-2026-1022,38.728202951532914,5.040656031679957,1,69,453,23.18903239043954
COW-2026-2128,38.58740499899064,4.818365025062579,0,75,474,23.15281466508492
COW-2026-1557,38.438011594848454,5.063032736526857,0,68,474,26.696418118775526
COW-2026-4730,38.9411212697213,5.774331357780621,1,74,403,23.54868544948683
COW-2026-6341,38.36513617685635,4.846226857233855,0,68,534,25.364001201441436
COW-2026-7998,38.60539128147856,4.843883409314033,0,69,432,22.785656574440658
COW-2026-8182,38.93741266518704,5.813284638608038,1,82,416,23.506386579475286
COW-2026-8034,38.536124038216684,5.031031317541665,0,72,488,26.482286888025303
COW-2026-2656,38.47493281930048,5.162925144770388,0,69,513,24.99376017907864
COW-2026-5173,38.85463187842464,6.312159845753867,1,70,416,20.994846247326112
COW-2026-6441,38.55101139377272,5.001697275773518,0,64,482,25.616136413442216
COW-2026-9998,39.046842249113425,5.782971372874171,1,75,395,22.9313754543758
COW-2026-4312,38.39377912711184,4.7686578528267445,0,66,453,26.484455550841282
COW-2026-9645,38.33017551313656,4.925033001849309,0,64,509,26.31438646805172
COW-2026-3324,38.60809392276686,5.221878950360484,0,69,466,23.639653960228657
COW-2026-6595,38.63930778570648,4.7148312790173,0,70,492,24.532493417014802
COW-2026-6984,38.447981143197026,4.620384770252843,0,70,463,24.744340761559595
COW-2026-3511,38.650451621195764,4.760994555650668,0,69,484,25.681875145621802
COW-2026-1362,38.407188982129426,4.861184699091466,0,64,522,24.279880145185647
COW-2026-4454,38.59142820761652,4.525084598803945,0,67,463,23.99855113586104
COW-2026-3798,38.60237151813458,4.781041688880421,0,74,436,25.227118071413326
COW-2026-5620,38.410219376709435,4.753560100652831,0,64,478,26.56950543611385
COW-2026-4255,38.823893791654854,5.6584020551107335,1,75,463,22.933117878635006
COW-2026-2217,38.59510198074471,5.222504227639061,0,74,461,23.67266814922589
COW-2026-2485,38.34565271225769,4.904937853278056,0,66,524,25.24212727580859
COW-2026-6349,38.438850956782176,4.66717408172445,0,76,486,25.370014517647654
COW-2026-8195,38.58428651013327,4.781552881763813,0,73,460,21.7383537595716
COW-2026-8750,39.179348217082264,5.045417476467602,1,86,337,25.691756629339174
COW-2026-7079,38.21608143051724,4.751647011677753,0,64,532,25.876686137421572
COW-2026-9035,38.63044295311287,5.28719996018759,0,67,500,24.217402063889296
COW-2026-2507,38.49941962004247,4.447158350206749,0,73,446,27.356363208369427
COW-2026-2003,38.32221482941428,4.812188530823268,0,67,496,26.49813766644153
COW-2026-7403,38.62322180214398,4.9811475740790785,0,77,469,25.944235114065517
COW-2026-1925,38.89772240892745,5.5798969118005735,1,75,441,21.737194512965193
COW-2026-9275,38.48307396273308,4.849039406417538,0,65,467,23.779468789829508
COW-2026-7583,39.120334761472904,5.347754972410804,1,70,413,25.630598936441274
COW-2026-4927,38.635854938740486,4.793657987120044,0,71,465,22.277649761074926
COW-2026-1985,38.40138396500876,5.0267188499614734,0,68,443,24.243391382462253
COW-2026-5231,38.44258922376068,4.757355282033513,0,69,509,25.81235106272396
COW-2026-6302,38.5110544371944,4.792850997323866,0,74,500,22.064811266326142
COW-2026-6291,38.65971484310433,4.883772138306447,0,75,442,25.36369215440594
COW-2026-1908,38.42505278242524,4.314515817341195,0,66,499,27.879771303975776
COW-2026-6051,38.26996798547735,4.691762027927766,0,63,534,23.148344830017876
COW-2026-3586,39.63865625429339,5.166850350310183,1,79,314,26.267048507279615
COW-2026-2331,38.76342690850515,5.764152822121821,1,70,459,21.05064306551968
COW-2026-7851,38.340721149768854,4.720759254329297,0,66,491,26.34791138897087
COW-2026-2806,38.57105563262939,4.432027427386775,0,70,484,25.68138605640042
COW-2026-1805,38.80196624881918,5.411379012180516,1,70,436,23.81267651548212
COW-2026-5147,38.99564311748091,5.942105790996658,1,77,402,20.23051211752849
COW-2026-1071,38.41406899285745,4.458253178646986,0,69,497,27.887577264815313
COW-2026-1027,38.573288983668924,4.495712326049336,0,72,426,26.16711609733705
COW-2026-9660,38.50537419582861,4.495434090799702,0,65,469,28.20955121468461
COW-2026-4983,38.33172544908379,4.629634159971298,0,70,525,23.62713181883699
COW-2026-9955,38.842599808710936,5.767124807485264,1,82,415,22.093689235689965
COW-2026-8055,38.28605413974074,5.028281958212047,0,67,494,24.79837158981899
COW-2026-7690,38.78687540396784,4.646882118061656,0,61,444,24.935664365828874
COW-2026-4832,38.71355417533189,5.583233095493595,1,77,455,23.921794920910287
COW-2026-1559,38.38394515915304,4.528232209752252,0,66,501,25.49731826560631
COW-2026-8957,38.240229919655995,5.069059669771637,1,75,516,27.73444247913205
COW-2026-4831,38.53591008359716,4.337939028369223,0,71,470,26.309466340719055
COW-2026-8344,38.45720448692218,4.725710719266504,0,62,483,20.581428193424046
COW-2026-6171,38.439846843558335,4.795729404822783,0,61,459,25.343549626225215
COW-2026-1078,38.42671405576495,4.617091168904393,0,75,480,27.121638108733745
COW-2026-5929,38.30982656891716,4.988413373605291,0,72,521,23.266847123495843
COW-2026-4647,38.225648667202364,4.8254867564790125,0,76,515,23.234983576127043
COW-2026-2031,38.632886324956544,4.442361189896202,0,70,436,24.47887122487768
COW-2026-8381,38.2592361616917,4.6348356188872595,0,66,524,23.60692591063006
COW-2026-3072,38.58129122538227,4.596688884745416,0,69,453,24.816966935433815
COW-2026-7911,38.532661145804255,4.823939395602564,0,68,491,26.264990447792506
COW-2026-7088,39.03282550995895,5.888619101530827,1,75,407,24.669733226318108
COW-2026-2484,39.17352345078735,5.276724605850903,1,78,403,20.16808603173232
COW-2026-6838,38.286543107642224,4.90829759359878,0,64,508,23.857999344919456
COW-2026-2550,38.41437585553013,4.899780718354031,0,63,478,25.25975768929962
COW-2026-6497,38.88157395387287,5.853144335735629,1,76,447,22.31872357565214
COW-2026-5682,38.636375214838125,4.796183038553485,0,68,478,27.682681104940823
COW-2026-2829,38.311750888537965,4.705920656731955,0,55,499,22.146374827381212
COW-2026-4751,38.62843978334697,4.392036404010216,0,72,467,22.04967240650378
COW-2026-7081,38.81943568790775,4.779872369663861,0,69,404,27.814155329796524
COW-2026-7601,38.70468849012779,4.650756469138874,0,75,452,26.777491277731457
COW-2026-5459,38.62039745954213,5.051320237174507,0,73,468,23.84424258464571
COW-2026-4856,38.42403607779537,5.179664030316646,0,69,508,24.75839310467211
COW-2026-7182,38.42558882918352,4.897448344872998,0,78,509,25.350735855157033
COW-2026-7083,38.77273950320496,4.832320663725285,0,72,466,23.946827847424764
COW-2026-8970,38.40341890090973,4.677885134043959,0,67,498,25.43541881673754
COW-2026-3094,38.48964145306739,5.053245388529682,0,72,456,24.80552782343133
COW-2026-7238,39.07137904084034,6.5,1,77,347,23.277765425091744
COW-2026-4032,38.80632727470529,5.248945197000935,0,77,431,25.299705547132945
COW-2026-2548,38.48270564682834,4.7873028345970585,0,65,505,27.89457420525451
COW-2026-9559,38.72340165131912,5.393914701704113,0,67,485,21.738143015774263
COW-2026-1064,38.53147772215197,5.036904544603051,0,73,464,23.924852320281758
COW-2026-4299,38.48979023104797,4.649279520516955,0,65,450,25.449843505859146
COW-2026-5849,38.68149724645171,4.550547560339705,0,72,461,22.72319624172111
COW-2026-6639,38.9889736472977,5.601515317307293,1,77,429,24.79839396913828
COW-2026-3035,38.48239725715326,4.816610670999056,0,66,480,26.177372238949847
COW-2026-6674,39.00450949054067,5.639552529989807,1,77,420,22.354272477514748
COW-2026-3228,38.29287443799055,4.833351790501747,0,62,517,24.39989789576949
COW-2026-6620,38.57936316006912,5.181722748466963,0,66,491,26.124075461614556
COW-2026-1596,38.621244707589696,5.297738561731064,0,70,501,22.516988409717392
COW-2026-4606,38.29571643668427,4.896646766420174,0,68,517,26.190611198515686
COW-2026-4889,38.45383399147298,4.905936356316668,0,68,488,24.422097919244248
COW-2026-4506,38.99483324014981,5.602505953128136,1,77,448,24.227883455169078
COW-2026-2395,38.39518354679267,4.612291415780494,0,69,514,25.430830130344088
COW-2026-8529,38.66430266636084,5.336693967531491,1,78,430,26.969646691023435
COW-2026-9303,38.27313885348372,4.959947912583373,0,67,513,23.400585038575066
COW-2026-1452,38.52810603801397,4.56417553762615,0,76,473,24.79599418230968
COW-2026-8336,38.903899503715714,5.057214552876031,1,79,411,21.785244011253674
COW-2026-3631,38.84671258065724,6.021987974083289,1,82,426,20.550604347547267
COW-2026-3186,38.32779330520137,4.796482286575258,0,66,503,26.419752569011358
COW-2026-6967,38.48338898440999,4.755900709902901,0,68,467,27.408456906333967
COW-2026-7374,39.17534559093875,6.053590523985975,1,83,379,22.72377068099096
COW-2026-6358,38.73531347560315,5.496457322350241,1,75,422,23.404992005894687
COW-2026-5348,38.612164975174785,4.833417338800559,0,77,464,23.441416412678905
COW-2026-2459,38.753399988673955,4.7926693003158105,0,75,454,26.47304451566825
COW-2026-2942,39.12974715734018,5.717323300820686,1,68,406,21.724222983482935
COW-2026-6422,38.729230304039376,4.455622072430117,0,74,443,23.528255701628296
COW-2026-6196,38.60772789491922,4.53594632763603,0,71,472,25.0381060051326
COW-2026-1061,38.56766344473559,4.970009658132372,0,70,506,21.485169010626638
COW-2026-2494,38.354114849645065,4.643967879317546,0,66,512,23.57633866214955
COW-2026-2180,38.84491989765359,6.300569050380387,1,67,454,24.78868630378392
COW-2026-7268,38.673742999977506,4.6819292513500566,0,74,446,22.99438127235718
COW-2026-3788,38.82093803060114,5.6500845812322735,1,74,462,20.766121427205697
COW-2026-5636,39.08138857290248,5.472256812401863,1,81,381,23.358003055705094
COW-2026-5721,38.57673693358518,4.586861889202392,0,64,457,25.563728399791447
COW-2026-6710,38.38182429501127,5.203235472235006,0,71,481,23.784291968881362
COW-2026-8702,38.44095222926492,4.894422219353968,0,69,470,21.834260768938194
COW-2026-1105,38.99721430393995,5.600391332998535,1,77,393,24.06339298535943
COW-2026-5087,38.44337213941745,5.06783564342777,0,68,506,23.499133706944153
COW-2026-4925,38.70538663331754,4.893750203206567,0,74,454,26.524287330731067
COW-2026-2908,38.74384369750019,4.707860789286403,0,72,444,24.215249932478173
COW-2026-3049,38.35054641103995,4.820631152050085,0,63,493,26.413725845351735
COW-2026-9172,38.10870926111851,4.698186520865601,0,65,553,27.208433514494033
COW-2026-4904,38.96831560865661,6.084123915268262,1,75,418,21.336246905745522
COW-2026-4796,38.714539685940785,4.78914333982866,0,72,443,26.268574739182533
COW-2026-1292,38.52424477967696,4.64121257263493,0,57,441,23.295438183188764
COW-2026-7266,38.47592116777801,5.063716591595647,0,72,485,24.468487947437147
COW-2026-7370,38.7866040340479,5.413019893301393,1,72,445,25.25601998275527
COW-2026-5860,38.8438908208345,5.777196623729041,1,68,412,23.385986958862194
COW-2026-4729,38.480970401805266,4.983541406276545,0,73,472,27.80566309626986
COW-2026-8962,38.456596552017494,4.650703272096577,0,72,488,26.166293089516373
COW-2026-6510,38.68432137281682,5.176924379991575,0,70,426,23.74184099709382
COW-2026-9619,38.52933997635358,4.651036330065683,0,65,467,29.76339997287828
COW-2026-7761,38.44865805938063,4.713769963859919,0,69,502,27.740813250923686
COW-2026-7110,38.58770676339954,4.7160788931893505,0,72,482,22.92968388412393
COW-2026-7955,38.5468432570264,4.435163044955471,0,74,513,24.621106126240925
COW-2026-1106,38.376762569552234,4.764521518356715,0,66,538,23.390075086365034
COW-2026-5754,38.545936870754666,4.461991511135037,0,75,472,27.067847385073623
COW-2026-6278,38.9706608432578,6.153654005376505,1,73,408,22.638329917668894
COW-2026-7408,39.06158003642454,5.396513157485407,1,71,423,24.20464040055351
COW-2026-8635,38.26857722717388,4.6201815659660275,0,62,504,22.628937103900906
COW-2026-2225,39.2698298745564,5.881268776305932,1,78,367,21.194587629631535
COW-2026-5250,38.670807906603955,5.048295243359566,0,71,454,24.2640408550088
COW-2026-1895,38.338336789891486,4.672772558163788,0,69,495,22.4535357520648
COW-2026-2620,38.32816372653019,4.713555905132563,0,67,510,23.97438214949186
COW-2026-6088,38.91077067222301,5.67907579801242,1,78,409,25.12091518099733
COW-2026-6419,38.93141045317342,5.942761645091596,1,74,413,19.793376474758013
COW-2026-2385,38.615060169473246,4.962507474371804,0,64,483,26.82341408524519
COW-2026-3433,38.40284621600331,5.110482681041424,0,68,499,25.997497707499605
COW-2026-2301,38.54433243942453,4.747305424141013,0,61,512,24.47921375827524
COW-2026-7858,38.44744544411114,4.45448291541243,0,70,509,24.73587336741499
COW-2026-9950,38.47220199524767,5.081552059109909,0,72,506,25.689093517423885
COW-2026-9938,38.66259780052318,4.7136706787338225,0,68,448,24.04160656593182
COW-2026-9784,38.50425106328455,4.605182175785073,0,76,486,24.404399357680017
COW-2026-6644,39.21491424733613,5.54558942884827,1,81,381,23.106880987443702
COW-2026-6088,38.50353688899885,4.858595592158007,0,75,476,21.853819419716995
COW-2026-6440,38.70259444362872,4.260404568579643,0,72,465,24.261167709038265
COW-2026-8493,38.454167970560206,4.555384552925726,0,66,477,25.22781076239762
COW-2026-7291,38.387175043663554,4.9233967355866195,0,71,484,25.649491840863504
COW-2026-4307,38.58533076263255,4.9606407048559475,0,69,431,23.71735210235705
COW-2026-9894,38.89015989551669,5.587433620192106,1,75,445,23.183718577240818
COW-2026-5708,38.409756701266325,4.83877041677177,0,67,509,22.36708210690107
COW-2026-1104,38.37479538201453,5.050962646294542,0,72,466,26.265200645470852
COW-2026-4833,38.33464503455674,5.145258633503802,0,70,488,24.24762232189093
COW-2026-1395,39.37381272406384,5.685751345135886,1,80,351,23.635489971727736
COW-2026-4517,38.58778060539416,4.552785732597028,0,62,481,26.223619623746497
COW-2026-4291,38.340444767692105,4.637505153687172,0,64,479,25.509640411783298
COW-2026-3010,38.39954092136132,4.943157365072908,0,72,484,23.920162638489327
COW-2026-5537,38.658279395409515,4.841140330897187,0,73,462,26.41823684587189
COW-2026-5968,38.82554515160119,4.701126957871217,0,67,434,25.499848060314307
COW-2026-5762,38.42648112345673,4.656105188747516,0,62,493,24.948090263153546
COW-2026-2051,38.28990795630985,4.6770148959847875,0,68,493,25.047492093423134
COW-2026-3841,38.60521558246854,4.809238079327495,0,66,485,24.9242124753429
COW-2026-7618,38.40319005242934,5.005550952299944,0,65,473,24.54044959141076
COW-2026-5723,38.545285194515344,4.839536936959941,0,73,451,25.519513253558614
COW-2026-8472,38.92696458640245,5.4579850138420465,1,80,417,22.13945131528617
COW-2026-8913,38.43845890465758,4.808828645819545,0,66,457,23.51460857329751
COW-2026-6524,39.124988699075594,5.938994439599134,1,76,358,22.73471422101821
COW-2026-4584,38.48100472071576,4.840563127903641,0,70,487,24.771505200540275
COW-2026-9539,38.619488981047894,5.178252297029626,0,70,447,25.862581387660867
COW-2026-2263,38.371970833270396,4.854038180801924,0,68,477,25.520013939369615
COW-2026-5665,38.520443036376385,4.738583798872702,0,73,456,24.48992812701131
COW-2026-9014,39.37454161086364,5.753904056530532,1,77,346,23.776909285405978
COW-2026-2351,38.33755992817658,4.809972454987452,0,62,493,26.763549229533343
COW-2026-7980,39.154112250016006,5.242322102964185,1,85,361,24.534251420439166
COW-2026-8190,38.96831842212236,5.2780807687263644,1,80,418,24.89759316291041
COW-2026-4827,38.68524390023835,4.931162235176935,0,67,473,24.54444195737619
COW-2026-9861,38.72905878263997,5.273728911781189,1,74,410,25.025442527131137
COW-2026-3646,38.43162795660561,5.025621467970186,0,72,488,23.624055832934218
COW-2026-1266,38.60663194505344,4.677387749147667,0,74,452,25.814208883852967
COW-2026-8434,38.32373038897564,4.626120844529575,0,69,505,29.131053349507898
COW-2026-2022,38.36420319552603,4.896013434168294,0,67,524,25.554325920582215
COW-2026-8947,38.79573111549564,5.125134336345986,1,80,462,23.32303234687469
COW-2026-3037,38.548256931768655,4.670008578339006,0,71,519,24.38785464564065
COW-2026-9756,38.37999033622823,4.576078781367545,0,65,460,25.466160150573824
COW-2026-8778,38.5306121394658,4.7675941564409925,0,74,453,26.538298686170748
COW-2026-2059,38.56059084782906,4.791440896335928,0,71,502,25.17060587528058
COW-2026-2424,38.545420473329116,4.466543214057672,0,71,443,24.668704392236688
COW-2026-5123,38.021097379966484,4.9653292372273805,0,64,583,23.450171660630915
COW-2026-1219,39.15259369897768,5.268455502412391,1,79,401,24.1667241440568
COW-2026-1405,38.54900390123147,5.242039523089845,0,66,476,24.291970715972095
COW-2026-3318,38.85819703210311,5.993270757057183,1,68,399,22.853378599321033
COW-2026-9983,38.4220095032024,5.057279407616822,0,74,483,25.993194704484996
COW-2026-6058,38.46605388578351,4.88431881397613,0,70,516,28.670717779119887
COW-2026-2309,38.35033270611792,4.901744822471142,0,71,495,22.537801685323785
COW-2026-8621,39.16237185396958,6.245772487923351,1,70,384,22.619600141206163
COW-2026-5929,38.508530357561675,4.547063422350139,0,73,499,25.499967490461643
COW-2026-9702,38.54959404944455,5.035353585999782,0,68,467,21.51307704560938
COW-2026-9683,38.544880913243524,4.862533863244724,0,67,473,26.906365258774088
COW-2026-2617,38.45768700297371,5.068330675949795,0,69,467,25.012618304156103
COW-2026-2520,38.549559967987044,5.303440096810897,1,66,475,24.748087010746453
COW-2026-8892,38.649453371637286,5.558343168946548,1,71,448,20.22884937854572
COW-2026-2583,38.524523514717316,4.743598080311753,0,69,448,25.077842444246304
COW-2026-7704,38.27628431255015,4.63180168953139,0,71,525,23.391023482121895
COW-2026-8988,38.16869839189476,4.845088633307497,0,72,493,28.258408866546237
COW-2026-7583,39.05324380606617,4.6503094028569505,0,82,395,26.984443124396854
COW-2026-2575,38.565359911964514,5.739715202508158,1,62,479,21.83867398207408
COW-2026-7935,38.47769532452565,4.962161934509947,0,65,461,22.081207152338948
COW-2026-7176,38.49549349008413,5.323981267486948,0,62,478,24.504089217930616
COW-2026-3613,38.4454753863332,4.83978460408871,0,65,472,26.61963126435744
COW-2026-4892,38.740029972045065,4.948553381043666,0,70,423,22.139449982994055
COW-2026-9653,38.524577107088746,4.814387902034408,0,71,520,23.411758801068856
COW-2026-7733,38.554753835867416,4.769551642625865,0,68,468,23.391067763074634
COW-2026-5431,38.59383257008277,5.209079015135651,0,69,452,25.25623189647552
COW-2026-9112,38.69473127340166,6.118238049750884,1,73,434,21.508874908656356
COW-2026-2381,38.68380644036688,4.9403386873551804,0,65,473,24.237363852331345
COW-2026-4515,38.35244064280803,4.877589620987357,0,65,479,25.17677390977071
COW-2026-5454,38.544196687412615,4.814693984487515,0,69,482,23.752373595584064
COW-2026-8769,38.87045868101031,5.048697341834072,0,72,439,22.33844872014039
COW-2026-7489,39.03321290392228,5.521339434619967,1,76,430,24.973288455041953
COW-2026-9384,38.87495073306107,6.077204858569577,1,80,411,24.41057003790279
COW-2026-4534,38.41449671303113,4.8753268229517985,0,72,474,24.90555891737628
COW-2026-1755,38.66197074202003,5.13737064207352,0,68,450,24.52712578618381
COW-2026-3525,38.320628733988904,4.877221812031764,0,66,504,27.004763014294927
COW-2026-1827,39.22685025983585,5.6346527273148945,1,76,376,23.535273575965846
COW-2026-5748,38.46056592071324,4.721111862257957,0,66,544,24.729794301385933
COW-2026-3333,38.77519139389275,4.608265407106464,0,74,481,25.437406234450926
COW-2026-5946,38.58850565339323,4.897530725067077,0,63,480,26.871473053672375
COW-2026-9302,38.199200383658656,4.701859025327061,0,71,513,25.358728395147125
COW-2026-9046,38.818420620179204,6.010538034474385,1,80,436,21.010059203295537
COW-2026-9984,38.562623269352464,4.787359057873117,0,69,447,25.00609482376236
COW-2026-8181,38.4282755584732,4.886709006979821,0,67,490,26.01958409533319
COW-2026-4414,38.47464341441267,4.743349923851414,0,70,494,25.972923227917565
COW-2026-7457,38.22135966218855,4.815957160258584,0,71,535,25.644899267670965
COW-2026-7749,38.94778640326195,5.491910654856766,1,73,439,21.930528226608452
COW-2026-1296,38.746515087232744,4.724950710380822,0,77,404,26.39674858098737
COW-2026-1568,38.50564594430806,4.613326112821117,0,72,470,25.22880229685396
COW-2026-6283,38.78358356973622,5.63319288208683,1,83,405,22.025018058811938
COW-2026-8664,38.53275199298483,4.729541737549823,0,69,497,26.366319287085442
COW-2026-8511,39.34293002047702,6.094875052535205,1,71,359,21.39549201869206
COW-2026-6465,38.394543783680874,4.708436813333511,0,63,490,22.882978688059804
COW-2026-9263,39.23598296780441,6.00700489772835,1,78,388,20.264530596056535
COW-2026-5382,38.50144451090035,4.607398577998949,0,73,540,24.969487517456535
COW-2026-1065,38.83647881086467,5.150869798647336,1,71,434,24.912137803766093
COW-2026-1879,38.28269528710625,5.018880864788906,0,66,501,23.09971195657129
COW-2026-9259,38.329302296290855,4.779663963356975,0,69,488,24.576394058019744
COW-2026-8222,38.80514275674341,4.572758758827573,0,69,465,23.76888836202017
COW-2026-6069,38.47131201478373,4.642216875310656,0,66,483,26.74897844730594
COW-2026-4239,38.37386510798035,4.6336828797393,0,63,534,28.042630650469924
COW-2026-1507,38.64191362661935,4.590506193278737,0,77,473,27.833528620401985
COW-2026-8704,38.485014972083235,4.978704868872168,0,76,467,26.1270478950957
COW-2026-2125,38.52071765195869,4.684730832680039,0,63,451,26.51991809530493
COW-2026-1885,38.43224638079759,5.879276430815447,1,69,480,19.443230970810063
COW-2026-3841,38.5235541093387,4.596122696248994,0,76,462,25.905912047665606
COW-2026-8975,38.75014640732897,5.541591243595243,1,75,439,22.44060002348437
COW-2026-7565,39.11420567423927,5.9939794418241314,1,74,422,23.29421548367904
COW-2026-7083,38.50896807202118,4.789725223853842,0,63,448,20.91548818177768
COW-2026-5870,38.70283366294472,5.079789744695698,0,76,465,24.872687073350807
COW-2026-3525,38.6009514873221,4.7161374334009185,0,72,480,24.751835325065638
COW-2026-5215,38.438589410462285,4.810196209698017,0,63,503,26.670300802032507
COW-2026-2938,38.36726553019558,4.623257782456728,0,73,469,27.832596989077462
COW-2026-4232,38.504559244137425,5.043269626050304,0,63,484,22.961854597439476
COW-2026-4744,38.706384201713306,5.214061769631148,0,69,493,22.91020013294851
COW-2026-7221,38.57570065950595,4.5684757788753165,0,69,481,25.68028130114753
COW-2026-4465,38.42298938791631,5.110809482230936,0,76,481,27.17040729310244
COW-2026-1440,38.909308857699905,4.915491207120458,0,72,463,24.93580050962504
COW-2026-1461,38.70534995153729,4.859220659017838,0,71,434,22.883922112057014
COW-2026-9803,38.79592377668055,4.849726669761038,0,67,410,23.91983465756621
COW-2026-6413,38.73539070484588,5.504279925629918,1,69,449,23.09993213183963
COW-2026-6755,38.27219969642142,5.058827684846771,0,64,511,24.543587876695387
COW-2026-6012,38.372098111568185,4.578018808626229,0,65,512,24.42804077404326
COW-2026-4163,39.457378724952335,5.219719783964041,1,80,368,23.047235494626648
COW-2026-7752,38.700810804309384,5.44906283782133,1,62,467,22.156907162502524
COW-2026-1005,38.599246172286996,4.891145231828904,0,64,494,26.89140282117422
COW-2026-5776,38.51407156363399,4.7917702504977004,0,69,468,23.822865024576178
COW-2026-8038,38.572504172671565,5.026359288035304,0,71,466,23.778032336462907
COW-2026-7414,38.71670315785698,4.77116103576051,0,70,487,24.23414768231042
COW-2026-6739,38.654924881720106,5.6264845986520715,1,71,437,20.18183260343216
COW-2026-4970,38.26323036943363,4.881279055421511,0,65,519,23.380522098978453
COW-2026-3606,38.62794893579305,4.922181035072947,0,71,442,26.495653595298236
COW-2026-1098,38.50524428495349,5.166784474467865,0,72,497,22.46418593527728
COW-2026-1525,39.29135676837182,5.594553103011863,1,80,377,21.67205669604718
COW-2026-7337,38.419396804667045,5.154509156203659,0,65,496,22.159217493602178
COW-2026-2180,38.500175985737215,4.677710444323362,0,74,506,25.05364653014685
COW-2026-9067,38.51509386342644,4.733425088664293,0,70,456,27.59822901042988
COW-2026-5491,38.54012540494416,4.643197546266788,0,75,478,24.808613592295888
COW-2026-6922,38.681299920780894,4.642551580967982,0,77,453,25.161016942223224
COW-2026-4071,38.77188190678197,5.468827466438613,1,67,448,22.07635914486204
COW-2026-6641,38.87512679666581,5.670241114280268,1,70,473,22.930779034654517
COW-2026-8381,38.306438901174545,4.975560235924521,0,70,494,26.5980879837023
COW-2026-3792,38.49468104638476,4.598879302284695,0,63,459,25.87590897816101
COW-2026-5778,38.56581197070564,4.704567641110043,0,76,449,28.33321692361453
COW-2026-1014,39.51067525362112,5.841059079944458,1,81,328,24.515424501820814
COW-2026-3415,38.63238410248905,5.751339808979332,1,72,481,22.3059618441263
COW-2026-3685,38.33613430316411,4.92975281467053,0,66,517,24.687614837707276
COW-2026-9159,38.42665647882031,4.578087682762121,0,63,525,27.666250235572534
COW-2026-8926,38.543504757606364,4.423088121108027,0,73,517,25.912845612235333
COW-2026-5100,38.32510316772955,4.925080908418148,0,78,539,27.13120308155633
COW-2026-7374,38.4274816939748,5.0019552550125175,0,67,536,27.458705949892863
COW-2026-7004,38.51344285464043,4.63507780239049,0,69,489,24.969782470404322
COW-2026-6521,38.326783426074,5.02786535941597,0,56,531,25.178821392095728
COW-2026-8155,38.62919813992004,4.82326686346736,0,76,479,26.655313442892623
COW-2026-4297,38.37424821560165,4.6016977586676004,0,72,507,26.560349500244932
COW-2026-3633,38.49230726471845,4.765920154463269,0,62,494,26.281628403811006
COW-2026-4890,38.39400940864737,5.092822082069687,0,61,476,22.29511553914061
COW-2026-1791,38.858964010141484,5.816829629044245,1,66,405,20.61988054700069
COW-2026-1151,38.41669689456867,4.555751010188712,0,72,480,24.588549927363694
COW-2026-4063,38.797495002026245,5.5383033545369384,1,77,441,25.16432370169708
COW-2026-7367,39.24499077349799,5.460164004265995,1,75,372,21.330006778836132
COW-2026-8904,38.349468050041516,4.703805992126024,0,69,482,27.631292659666215
COW-2026-3091,38.68426826112937,4.336267370781851,0,73,446,27.381690834432504
COW-2026-5599,38.15210253290381,4.936545576912545,0,65,515,26.633067948828373
COW-2026-8408,38.91781355853612,6.056350669169252,1,78,423,20.1920654135278
COW-2026-3977,38.67312039351713,4.921078179280363,0,66,476,24.884599264026537
COW-2026-1842,38.51028845992151,4.929403113603156,0,74,497,25.111823503561993
COW-2026-4793,38.541186406404506,4.542204264569693,0,66,476,25.868984973474817
COW-2026-2659,38.50924761372689,4.7045503725722675,0,76,508,25.52275088778356
COW-2026-9789,38.35669766453515,4.5762702667278115,0,64,519,25.190030788752935
COW-2026-6162,38.562127536348285,5.04171407704306,0,68,482,24.724459463198198
COW-2026-7446,38.57680246686014,4.626166242159643,0,71,481,26.997649583707535
COW-2026-5270,38.787801537432,4.661391132160198,0,73,466,23.615696557309622
COW-2026-4603,38.59586030446133,4.515332394324667,0,73,443,27.932545311739233
COW-2026-7764,38.67680046763822,5.00355438959329,0,67,470,25.877525297159497
COW-2026-2216,38.5787995278207,5.1963819960552176,0,69,462,22.40274809916538
COW-2026-3291,38.355255902827,4.565116639238555,0,68,488,26.05924213674759
COW-2026-4811,38.34299893691566,5.085468145131728,0,66,501,25.757512919774747
COW-2026-5993,38.384807693161896,4.587622347747852,0,70,449,23.819285269688613
COW-2026-6142,38.438906467325175,4.915679674676347,0,64,487,24.518593340212806
COW-2026-7862,38.466940230152204,4.6585546390959,0,68,497,25.05655311595142
COW-2026-7533,38.599936685236024,4.917181704244215,0,68,429,23.596595320895283
COW-2026-8526,38.64373938386889,4.830165362114132,0,70,484,25.05031447750741
COW-2026-3978,38.40166473346341,4.537870350055784,0,74,480,24.418263699709073
COW-2026-6347,38.47887570813862,4.754146936787389,0,75,484,27.000311851939962
COW-2026-8933,38.56486340364277,4.646464904772192,0,74,470,24.16675495347399
COW-2026-5595,38.42612347644601,4.872152410182998,0,68,487,26.087683811404265
COW-2026-7211,38.75959912759348,5.133166167428707,0,76,466,21.67807001153153
COW-2026-3170,38.656588065047494,4.851916731608639,0,72,470,24.53498396011499
COW-2026-9527,38.45832671449575,4.7947824420596135,0,70,478,24.818855174724398
COW-2026-4021,38.37505533078587,5.787550169401129,1,67,490,22.15026871031604
COW-2026-9970,38.50356198413085,4.975929817330963,0,77,476,23.85275958772792
COW-2026-8836,38.99302125230939,5.8242676520556085,1,80,432,21.76499164234727
COW-2026-2185,38.72358535044516,5.11907587725944,0,75,468,25.53352541919011
COW-2026-4285,38.485751542061124,4.693268058441017,0,68,506,26.62787505135474
COW-2026-4447,38.537072016831466,4.877849170113153,0,70,445,24.715174814122634
COW-2026-4991,38.73395645225802,4.8201740317490955,0,74,456,23.493450387912002
COW-2026-5899,38.26905822498588,5.0606332941624395,0,65,491,26.901137924214883
COW-2026-2935,38.18874949475954,4.681170232820151,0,70,536,23.693956120393146
COW-2026-9825,38.5402427273066,5.417887886951349,1,67,455,20.906775190710384
COW-2026-2285,38.75955481856456,5.064928796101028,0,74,456,21.573198518950697
COW-2026-9545,38.48162340321612,5.131907770115456,0,60,480,24.281195943786365
COW-2026-8479,39.13239398082766,5.752680785899308,1,75,347,22.350438503553814
COW-2026-6255,38.523507744108244,4.820237056417366,0,78,499,26.38099485761228
COW-2026-2885,38.53452786875256,4.845096101963941,0,74,471,25.55030680656053
COW-2026-6062,38.93895375960721,5.288977375684839,1,81,438,23.99659823269764
COW-2026-8066,38.36981231644091,4.690893417287751,0,65,464,24.59750870512798
COW-2026-4022,38.69216693065336,4.782398920196295,1,73,436,26.878967490699537
COW-2026-6265,38.25874963520458,4.857849245675964,0,71,515,27.9549739701053
COW-2026-2547,38.56958982176439,4.7934372457696055,0,73,475,26.537324476765846
COW-2026-5204,38.534607059645005,4.967971649414714,0,72,448,23.581213611549316
COW-2026-8590,38.700672808762356,4.776445045327888,0,78,462,26.33055255567066
COW-2026-2368,38.42346047605125,4.590019643958677,0,63,540,25.17481323490099
COW-2026-2757,38.66521743825703,5.1151394025107475,0,70,476,22.748883873429847
COW-2026-5917,38.99629457445681,5.861671481555951,1,68,421,20.991436493230204
COW-2026-4484,39.08576190870946,5.883079136403814,1,72,369,21.708138105458467
COW-2026-4052,38.45310151947768,4.444874142472058,0,74,463,26.036320898023224
COW-2026-9382,38.377956285052534,4.677302056954983,0,64,495,28.642666387471074
COW-2026-1932,38.406858449063336,4.9545840854407155,0,71,484,23.44307865854469
COW-2026-5237,38.65869320575603,5.034969946056623,0,78,483,26.320656469470777
COW-2026-8240,38.838536505681745,4.616333860163432,0,73,445,24.901092966894485
COW-2026-4238,38.45076467997746,4.912132720321652,0,72,533,21.598751708279718
COW-2026-1565,38.469151574373846,4.988789774377512,1,72,460,23.556510032950253
COW-2026-6378,38.67212917772317,4.830606746872434,0,67,452,26.958896269719528
COW-2026-6558,38.5341653945195,4.708156589035961,0,67,451,25.589048056854665
COW-2026-1743,38.72917340846113,5.330565957323638,1,68,407,24.37831711782019
COW-2026-9864,38.745150741044455,4.773679723763948,0,70,464,26.926271176193133
COW-2026-9722,38.736735899444845,4.663934200933687,0,75,458,23.69021528785552
COW-2026-6409,38.446079130576194,4.51650931007589,0,68,456,24.108324926327303
COW-2026-9753,38.19192871753114,4.876909835629347,0,67,512,21.521180981948834
COW-2026-6629,38.39958569045993,4.739992119640166,0,64,480,26.413798031406667
COW-2026-7318,38.32158472468953,4.753800531420991,0,72,495,25.731383987568464
COW-2026-1301,38.80702093892403,5.831091778271744,1,70,439,23.512036599923128
COW-2026-4767,38.49296542050122,4.914138714179804,0,75,463,22.786802018626993
COW-2026-5280,38.607570207289356,5.77353714772046,1,72,443,20.468551358201978
COW-2026-8506,38.63927103070719,4.938057375726558,0,65,451,22.62344019753909
COW-2026-9701,38.839741344027445,4.625419468353641,0,73,440,23.918999052963613
COW-2026-7962,38.477044829537896,5.286387095999541,0,65,424,26.509930783301098
COW-2026-6429,38.02630826398803,4.852485781620638,0,67,530,26.51675357211065
COW-2026-8248,38.46096055456754,5.178745231964524,0,68,464,23.186451136397363
COW-2026-4445,38.442647778137534,5.81687020902996,1,69,468,22.748519655315754
COW-2026-3203,38.641844208079476,5.016919513876142,0,70,442,23.534994442306168
